,dataset,target,target_name,avg_precision,precision_folds,avg_recall,recall_folds,avg_f1,f1_folds,avg_geometric_mean,geometric_mean_folds,avg_specificity,specificity_folds,learner
0,imdb,target1,imdb_score,0.5877902989552756,"[0.5713983267725695, 0.579141355538871, 0.6013198171337706, 0.5816793289015512, 0.6054126664296157]",0.5919542971054311,"[0.6102782105830887, 0.5731386198547216, 0.6252074121338064, 0.552204434279906, 0.5989428086756331]",0.5886512885316049,"[0.5887515012041071, 0.5757529385643613, 0.6117440868796407, 0.5657419769569302, 0.6012659390529853]",0.5167614162915095,"[0.5290963568257528, 0.5063751884837807, 0.5416735024775581, 0.46250086242134614, 0.5441611712491101]",0.7730396148930412,"[0.7771691811317568, 0.766609378231102, 0.7911015044719276, 0.7511277232275764, 0.7791902874028432]",DecisionTreeClassifier
1,imdb,target3,gross,0.7468863622657681,"[0.7594609506677651, 0.7533115671641791, 0.7340297002768399, 0.7405352112676056, 0.7470943819524507]",0.7505046297572153,"[0.7664201286757573, 0.755913674488738, 0.7340297002768399, 0.74782331088925, 0.7483363344554921]",0.748506397740986,"[0.7624215521200062, 0.7545529122231337, 0.7340297002768399, 0.7438271604938271, 0.7477006635911233]",0.7473366176870799,"[0.765295027446228, 0.7531074693746291, 0.728996931996197, 0.7441436083006997, 0.7451400513176458]",0.7505046297572153,"[0.7664201286757573, 0.755913674488738, 0.7340297002768399, 0.74782331088925, 0.7483363344554921]",DecisionTreeClassifier
2,imdb,target2,content_rating,0.4555543583221255,"[0.6106053863999834, 0.46735037165304677, 0.3301168421090697, 0.4492208032886554, 0.42047838815987254]",0.4189532194295499,"[0.46807944558294695, 0.4321025318306452, 0.3107766982187109, 0.45162561864398854, 0.432181802871458]",0.4293093548503747,"[0.5089981258440311, 0.4462099553471511, 0.3157510165084289, 0.449938410534737, 0.42564926601752534]",0.1692392370552365,"[0.44477512754705756, 0.4014210577291251, 0.0, 0.0, 0.0]",0.9096956699741918,"[0.9121132989506909, 0.9061902265760465, 0.9065671551714718, 0.9137573184556561, 0.9098503507170937]",DecisionTreeClassifier
3,mushroom,target1,Class,1.0,"[1.0, 1.0, 1.0, 1.0, 1.0]",1.0,"[1.0, 1.0, 1.0, 1.0, 1.0]",1.0,"[1.0, 1.0, 1.0, 1.0, 1.0]",1.0,"[1.0, 1.0, 1.0, 1.0, 1.0]",1.0,"[1.0, 1.0, 1.0, 1.0, 1.0]",DecisionTreeClassifier
4,mushroom,target3,habitat,0.4580537604969293,"[0.4620537743179252, 0.4397162525897671, 0.45302641977782226, 0.48106400448201053, 0.45440835131712176]",0.4547748245183062,"[0.46094915444123363, 0.4452578488308301, 0.453389326792436, 0.47196234278960714, 0.4423154497374245]",0.4529231762478602,"[0.4586012301063442, 0.44010037553156334, 0.4513375351727366, 0.4708946555650122, 0.44368208486364485]",0.1924314998089493,"[0.0, 0.20303999980291917, 0.2624412557510514, 0.2520725219333982, 0.2446037215573777]",0.8974258897940024,"[0.8964480953718583, 0.8972213766864111, 0.897836023630577, 0.8985474110357293, 0.8970765422454363]",DecisionTreeClassifier
5,mushroom,target2,population,0.3029075382091917,"[0.31008819665930976, 0.29899033378841694, 0.3239383567971031, 0.28811967541491396, 0.29340112838621507]",0.3158215478553234,"[0.3158000794579561, 0.31390551741648287, 0.33917389095221645, 0.3071075470708274, 0.30312070437913446]",0.3082393846092155,"[0.31279460233976847, 0.3054625357495407, 0.3307541731947658, 0.2952901351542028, 0.29689547660779986]",0.2116751889942539,"[0.2157258162691981, 0.21174306990469882, 0.23761078205579744, 0.20101584990452218, 0.1922804268370531]",0.8072278955173454,"[0.8102917721967712, 0.8061012579528688, 0.8091817939417671, 0.8058147928126208, 0.804749860682699]",DecisionTreeClassifier
6,census,target1,income,0.7453816087357539,"[0.7420139123913021, 0.7419053370648598, 0.7459812383288672, 0.748481141197892, 0.7485264146958484]",0.7482563185976897,"[0.7435755871201271, 0.7468932589314587, 0.750141625594047, 0.7502914519987691, 0.7503796693440463]",0.746785115347065,"[0.7427863926948717, 0.7443186064871901, 0.7480032475438134, 0.7493758958515571, 0.7494414341578928]",0.7381467657021614,"[0.7328726400693594, 0.7366222100359258, 0.7407052675172483, 0.739851655795758, 0.7406820550925162]",0.7482563185976897,"[0.7435755871201271, 0.7468932589314587, 0.750141625594047, 0.7502914519987691, 0.7503796693440463]",DecisionTreeClassifier
7,census,target3,workclass,0.2196441294720713,"[0.2212838684976369, 0.22268033840018125, 0.22219602554315906, 0.20928339933514964, 0.2227770155842299]",0.2245153682900629,"[0.22707270157790704, 0.2268992286631271, 0.22852897650403695, 0.21265446264001855, 0.22742147206522523]",0.2217525984419461,"[0.22382814320238395, 0.2245682743025044, 0.22506094358250653, 0.21085419634289115, 0.22445143477944485]",0.0,"[0.0, 0.0, 0.0, 0.0, 0.0]",0.8815704076561728,"[0.8819976861418298, 0.8813307858175957, 0.8819951464081385, 0.8807065281577083, 0.8818218917555919]",DecisionTreeClassifier
8,census,target2,marital-status,0.3944787343286929,"[0.38581738334867194, 0.3923790060949757, 0.395819918204207, 0.4118327578002515, 0.3865446061953587]",0.3950514495202037,"[0.3906096701667188, 0.3909167778826233, 0.39637639078832715, 0.4127358792566029, 0.38461852950674646]",0.3946210464027163,"[0.3879731820539755, 0.39159632001626477, 0.39586541431407346, 0.4121590302691906, 0.38551128536007745]",0.0,"[0.0, 0.0, 0.0, 0.0, 0.0]",0.9618131781132988,"[0.9608644122385884, 0.9608784389822967, 0.9625679756848394, 0.9631553055308932, 0.9615997581298767]",DecisionTreeClassifier
9,bank,target1,y,0.704754051155329,"[0.6979287537711766, 0.6806818181818182, 0.684198080400612, 0.7476185114288931, 0.7133430919941448]",0.7103053204845348,"[0.7068766865771202, 0.7061118179417625, 0.668421855921856, 0.7426994812934555, 0.7274167606884797]",0.7070043290076857,"[0.7022569766149057, 0.6919052447023633, 0.67573706687566, 0.7451177100053504, 0.7200046468401486]",0.6754296837666276,"[0.6676160326381969, 0.6773082231684241, 0.6133685688238363, 0.7180489574286141, 0.7008066367740662]",0.7103053204845348,"[0.7068766865771202, 0.7061118179417625, 0.668421855921856, 0.7426994812934555, 0.7274167606884797]",DecisionTreeClassifier
10,bank,target3,housing,0.504998450904216,"[0.49729559748427676, 0.5013197586726998, 0.5033775034530387, 0.4948349710254472, 0.5281644238856181]",0.5049848099752978,"[0.49728283764428344, 0.5013246425567703, 0.5033072696534235, 0.49473549049820237, 0.5282738095238095]",0.5044654064286236,"[0.49703334208453664, 0.5009857382550336, 0.5025692963752665, 0.4936086529006882, 0.5281300025275929]",0.5031968241306466,"[0.497063582354944, 0.501301921484888, 0.4960004874155705, 0.4941014855620079, 0.5275166438358221]",0.5049848099752978,"[0.49728283764428344, 0.5013246425567703, 0.5033072696534235, 0.49473549049820237, 0.5282738095238095]",DecisionTreeClassifier
11,bank,target2,loan,0.501726927070232,"[0.4855499438832772, 0.49181124929627923, 0.5212775907220352, 0.5135188866799205, 0.4964769647696477]",0.5025561155585286,"[0.48252427184466024, 0.49058084772370486, 0.5295473732060523, 0.5139942734430923, 0.4961338115751338]",0.5004882263317303,"[0.48244946542818884, 0.4904311778238389, 0.5199687504209265, 0.51369601055061, 0.49589572743508725]",0.4036857338298089,"[0.37946139603294604, 0.3743125567088153, 0.45836690866400986, 0.4137922806662929, 0.3924955270769804]",0.5025561155585286,"[0.48252427184466024, 0.49058084772370486, 0.5295473732060523, 0.5139942734430923, 0.4961338115751338]",DecisionTreeClassifier
12,intention,target1,Revenue,0.7308124059768237,"[0.7185845428705643, 0.7438443922322769, 0.7322947571782008, 0.713596714427825, 0.7457416231752515]",0.7333646038077639,"[0.7156875068742832, 0.7422794325366864, 0.7436602280275949, 0.7267976713496722, 0.7383981802505823]",0.7319365550662178,"[0.7171178545443042, 0.7430572396297797, 0.7377187148902866, 0.719826571767419, 0.7419623944992992]",0.7104635824497517,"[0.6873027154789766, 0.7206272724570568, 0.7246801733805811, 0.7036789267203684, 0.7160288242117756]",0.7333646038077639,"[0.7156875068742832, 0.7422794325366864, 0.7436602280275949, 0.7267976713496722, 0.7383981802505823]",DecisionTreeClassifier
13,intention,target3,SpecialDay,0.2873184589093306,"[0.26769440436107106, 0.33512093185863207, 0.26181852550575163, 0.2751058262012203, 0.2968526066199784]",0.2940763901703862,"[0.26189958645432715, 0.3246076900274335, 0.2674373330691307, 0.2935209535310381, 0.32291638777000164]",0.2893441062656713,"[0.26428190940063073, 0.32827555383356977, 0.26380466485435744, 0.2828146715813644, 0.30754373165843424]",0.1187669752130415,"[0.0, 0.22302174487893017, 0.1794544060086067, 0.1913587251776706, 0.0]",0.8943284172614755,"[0.8876738994605603, 0.8970439400050085, 0.8929641614329582, 0.8913444171100529, 0.9026156682987972]",DecisionTreeClassifier
14,intention,target2,VisitorType,0.6509723556158514,"[0.644232982833749, 0.657080814232871, 0.6665017598359146, 0.6394752736057748, 0.6475709475709476]",0.6620740519037976,"[0.6428643055933316, 0.6705687926996493, 0.6855329470533904, 0.6676323453529356, 0.6437718688196814]",0.6556495592949372,"[0.6435418288421086, 0.6633002140107237, 0.6749714320919442, 0.6508145568683815, 0.6456197646615276]",0.6196860100755752,"[0.5899537246477261, 0.6293535498920357, 0.6543938092695104, 0.6341030992979486, 0.5906258672706555]",0.6620740519037976,"[0.6428643055933316, 0.6705687926996493, 0.6855329470533904, 0.6676323453529356, 0.6437718688196814]",DecisionTreeClassifier
15,anuran,target1,Family,0.8783272752270379,"[0.8663595524062555, 0.9053324935021949, 0.9249224042500226, 0.8425915966923013, 0.8524303292844156]",0.901033516352142,"[0.8942705225418938, 0.9217996865331379, 0.9039900341711377, 0.9055468618231236, 0.8795604766914171]",0.8876686909966949,"[0.8783135900793597, 0.9133750085177803, 0.9140769363171466, 0.8677783560037804, 0.8647995640654076]",0.8973317669099344,"[0.8905171715190203, 0.9202566973194906, 0.9008964576712354, 0.9005813467740817, 0.8744071612658446]",0.980440334131653,"[0.9812563274098007, 0.9807360397797449, 0.9809155330868462, 0.982094807088662, 0.9771989632932109]",DecisionTreeClassifier
16,anuran,target3,Species,0.8544150099648767,"[0.8505841635198317, 0.8413090949072716, 0.8826692073334558, 0.8258644095706534, 0.8716481744931718]",0.8558897029786413,"[0.8522955821165468, 0.8584005451982089, 0.8388409460245934, 0.8588183435325754, 0.8710930980212824]",0.8522330438710363,"[0.8509432279589421, 0.849183956626945, 0.8528959204063087, 0.8389424855581096, 0.8691996288048754]",0.8439413775144665,"[0.8454520566197818, 0.851022363723224, 0.8134665953841143, 0.8458482963083386, 0.8639175755368738]",0.9930521828838688,"[0.9935045168246015, 0.9932687926222797, 0.9926991499674646, 0.9923116870403309, 0.9934767679646669]",DecisionTreeClassifier
17,anuran,target2,Genus,0.8673458874534736,"[0.9157894264119317, 0.8475040997215608, 0.8897195735213013, 0.8540378937295832, 0.8296784438829915]",0.8672449186078028,"[0.8795892277408808, 0.8539201462152695, 0.8690128414253289, 0.8840456526037431, 0.8496567250537918]",0.8652686295426808,"[0.8946658182860059, 0.8495899593842293, 0.8777126047111478, 0.8652958707027937, 0.8390788946292269]",0.8630498966097795,"[0.8746690457656594, 0.8496314759561762, 0.8629121165919006, 0.8815239340346737, 0.8465129107004878]",0.9905595691502926,"[0.99198077322571, 0.9899619647222921, 0.9905631127107897, 0.9915050691404106, 0.9887869259522606]",DecisionTreeClassifier
18,telco,target1,Churn,0.6459781496916654,"[0.6411702358605014, 0.65834520201098, 0.6526004801551187, 0.6242506952312288, 0.6535241352004983]",0.6500648254133955,"[0.6592920481497171, 0.6574802482318445, 0.6509132377409284, 0.6226488948534944, 0.6599896980909932]",0.647474990737274,"[0.6478880466220358, 0.6579051512951681, 0.6517364169549058, 0.6234190815324164, 0.6564262572818438]",0.6311889095401797,"[0.6444634179088641, 0.642474761332763, 0.6270616666451357, 0.5977856207592371, 0.6441590810548987]",0.6500648254133955,"[0.6592920481497171, 0.6574802482318445, 0.6509132377409284, 0.6226488948534944, 0.6599896980909932]",DecisionTreeClassifier
19,telco,target3,PaymentMethod,0.3464503041516142,"[0.33543515295062626, 0.34776024075699685, 0.3482096639802546, 0.3579591836734694, 0.34288727939672403]",0.3464363469718184,"[0.3356035246222609, 0.34759252833007637, 0.3501093581755308, 0.35915665621550386, 0.33971966751572014]",0.3459962216732094,"[0.3354994094619027, 0.3473162261298256, 0.34866246968519693, 0.357891128882048, 0.34061187420707373]",0.3369338199802623,"[0.32449946677739316, 0.33810238369240464, 0.340852732530426, 0.349985581517235, 0.331228935383853]",0.7850644403997772,"[0.7807019547100106, 0.7850306163473129, 0.7851836665625325, 0.7901932508725209, 0.784212713506509]",DecisionTreeClassifier
20,telco,target2,Contract,0.6051394815128158,"[0.6099260868253538, 0.5991862467328164, 0.6000387456830943, 0.6157527089429163, 0.600793619379898]",0.6065998669383702,"[0.6093473299235549, 0.6031929274638544, 0.6008137632643562, 0.6124778983308934, 0.6071674157091921]",0.6055361594676867,"[0.6096344078747752, 0.6010920249258964, 0.6002079859941633, 0.6140386593462634, 0.602707719197335]",0.5721742778377936,"[0.5719343797844556, 0.5686998694820358, 0.5761711436848961, 0.5785592256026928, 0.5655067706348879]",0.8288386475310299,"[0.8313854710624025, 0.8226651399214345, 0.8276299733197131, 0.8335775808968253, 0.8289350724547738]",DecisionTreeClassifier
21,paris,target1,category,0.7087245742390611,"[0.7070925480483499, 0.7102565940366973, 0.7045497370539767, 0.7246999731514283, 0.6970240189048534]",0.7059206531801859,"[0.7146287270642202, 0.7138319221683876, 0.693719813480917, 0.7070163802368928, 0.7004064229505114]",0.707122257997591,"[0.7107460058477699, 0.7120191354814447, 0.6988939410439097, 0.7152613103902287, 0.698690897224602]",0.6701149610447581,"[0.6840477072312637, 0.681674316654255, 0.651456680142074, 0.6692686798371706, 0.6641274213590268]",0.7059206531801859,"[0.7146287270642202, 0.7138319221683876, 0.693719813480917, 0.7070163802368928, 0.7004064229505114]",DecisionTreeClassifier
22,paris,target3,hasStorageRoom,0.502866619779448,"[0.5013451345134514, 0.5110999899909918, 0.48406298003072196, 0.5218061671802812, 0.4960188271817937]",0.5028586689803657,"[0.5013462937883306, 0.5110903992543732, 0.4840599193393509, 0.5217772683445956, 0.4960194641751776]",0.5027248714800889,"[0.5012904172978694, 0.5109295738586357, 0.4839917438679019, 0.5214252226910454, 0.4959873996849921]",0.5027227566364862,"[0.5013217748158864, 0.5108682760851748, 0.48404543257331073, 0.521401270059583, 0.49597702964847623]",0.5028586689803657,"[0.5013462937883306, 0.5110903992543732, 0.4840599193393509, 0.5217772683445956, 0.4960194641751776]",DecisionTreeClassifier
23,paris,target2,isNewBuilt,0.4961255287126055,"[0.5146192775591989, 0.5028389070408098, 0.4843509581934727, 0.48284651688161095, 0.49597198388793556]",0.4961304680526329,"[0.5146161047190796, 0.5028372512277914, 0.48436699948796724, 0.48286314525810325, 0.4959688395702231]",0.4959222910337605,"[0.5144940525521438, 0.5024849501697427, 0.48428327004423605, 0.4824626079234225, 0.4958865744792579]",0.4959353407758887,"[0.5145251422443496, 0.5025807308676372, 0.48408160204642786, 0.48252163770378315, 0.4959675910172459]",0.4961304680526329,"[0.5146161047190796, 0.5028372512277914, 0.48436699948796724, 0.48286314525810325, 0.4959688395702231]",DecisionTreeClassifier
24,smoking,target1,smoking,0.6591018405556908,"[0.6569742265894991, 0.6609078766165857, 0.6569683444573475, 0.667701837533117, 0.6529569175819044]",0.6592762864452821,"[0.6574757827710358, 0.6605247614582255, 0.6572562428103168, 0.6687074298625866, 0.652417215324246]",0.6591809959170778,"[0.657219042914861, 0.6607131776380162, 0.6571104115802393, 0.6681831489540877, 0.6526791984981849]",0.6531322984818229,"[0.6514628452464565, 0.6537987212455127, 0.6508424066439162, 0.6634342078782325, 0.6461233113949965]",0.6592762864452821,"[0.6574757827710358, 0.6605247614582255, 0.6572562428103168, 0.6687074298625866, 0.652417215324246]",DecisionTreeClassifier
25,smoking,target3,dental caries,0.5089346947516791,"[0.5086701629903851, 0.5074989925328408, 0.5111405570215202, 0.5084918113306012, 0.5088719498830477]",0.5095561651266518,"[0.5095417799884837, 0.5079537324307579, 0.5117474351511138, 0.5088608339232424, 0.509677044139661]",0.5088735828918161,"[0.5083996399242199, 0.5074692586553423, 0.5112283019860735, 0.5085417442260664, 0.5087289696673787]",0.4383397305941025,"[0.4428699692655744, 0.43500961622197903, 0.44096856050972094, 0.4346072029845482, 0.43824330398869]",0.5095561651266518,"[0.5095417799884837, 0.5079537324307579, 0.5117474351511138, 0.5088608339232424, 0.509677044139661]",DecisionTreeClassifier
26,smoking,target2,tartar,0.5036457773862641,"[0.503432657555399, 0.5040620634354317, 0.5099717030621193, 0.49920816029036974, 0.5015543025880008]",0.5036434215173795,"[0.5034465307831915, 0.5040593537311563, 0.5099456792728612, 0.49920619616506934, 0.5015593476346193]",0.5036224493560821,"[0.5033921826611988, 0.5040596214870586, 0.5099404151613761, 0.4991918923979548, 0.5015281350728222]",0.5009022276855845,"[0.5012979398845586, 0.5008574655924632, 0.506837291992686, 0.49638960081423694, 0.49912884014397785]",0.5036434215173795,"[0.5034465307831915, 0.5040593537311563, 0.5099456792728612, 0.49920619616506934, 0.5015593476346193]",DecisionTreeClassifier
27,flight,target1,satisfaction,0.9327585032676804,"[0.9310821661294717, 0.934159026243473, 0.9330309162004877, 0.9304051524647934, 0.9351152553001754]",0.93321112066914,"[0.9324220667059895, 0.9342958318962257, 0.9333740180493776, 0.9307647693671693, 0.9351989173269379]",0.9329767259625608,"[0.9317167172615577, 0.9342270991995447, 0.9332002467739923, 0.9305826258526566, 0.9351569407250528]",0.9331847514918912,"[0.932417408164025, 0.9342595437124441, 0.9333461866769732, 0.93073244975667, 0.9351681691493435]",0.93321112066914,"[0.9324220667059895, 0.9342958318962257, 0.9333740180493776, 0.9307647693671693, 0.9351989173269379]",DecisionTreeClassifier
28,flight,target3,Class,0.603719877441195,"[0.6094000613700834, 0.6029384596658607, 0.6004453104121977, 0.6000299872607533, 0.6057855684970801]",0.6052549317153212,"[0.6123702168222992, 0.6042735326809235, 0.6010921954981415, 0.600991922022115, 0.6075467915531266]",0.6040380259191968,"[0.6102040798026527, 0.6032270308463484, 0.6004996905387561, 0.600134331802014, 0.6061249966062124]",0.4899872902820069,"[0.5105260793761338, 0.4873242404958106, 0.4749687258531898, 0.48350361734180164, 0.4936137883430984]",0.8795817040539641,"[0.8804684346021164, 0.8785737854639827, 0.8800527860756886, 0.8772719314240597, 0.8815415827039731]",DecisionTreeClassifier
29,flight,target2,Customer Type,0.9487432959561376,"[0.9535819983959901, 0.9469355042613128, 0.9518779122480915, 0.9441585402752064, 0.9471625246000865]",0.9510441936297664,"[0.9523096670409021, 0.9483970512395586, 0.9548044118832839, 0.9462876822191819, 0.953422155765905]",0.9498825955368216,"[0.9529442490204963, 0.9476641414392801, 0.9533325313151346, 0.9452185757415235, 0.9502534801676739]",0.9505725167707804,"[0.9518056858377819, 0.9478590172796209, 0.9544321546347443, 0.9457087392734044, 0.95305698682835]",0.9510441936297664,"[0.9523096670409021, 0.9483970512395586, 0.9548044118832839, 0.9462876822191819, 0.953422155765905]",DecisionTreeClassifier
0,imdb,target1,imdb_score,0.5180230742874112,"[0.48711177372504605, 0.5460014247582508, 0.5135794216676569, 0.5095670505256816, 0.5338557007604208]",0.6359646954094906,"[0.6430232616208226, 0.6304248818171336, 0.61900884103272, 0.6103328886347754, 0.677033603942001]",0.4382296900119131,"[0.4152419261212554, 0.45898673929789807, 0.4303416947793847, 0.42369164970185996, 0.46288644015916747]",0.5984291057160931,"[0.6014817753232704, 0.5984567743891716, 0.5831906239839273, 0.5698289876549899, 0.6391873672291066]",0.7481394755361274,"[0.7546158309779664, 0.7569876780069237, 0.7279301791753922, 0.7401541380983377, 0.761009551422017]",GaussianNB
1,imdb,target3,gross,0.7151712974403948,"[0.733403511154878, 0.6623266078184111, 0.7337283217024805, 0.7113756211337592, 0.7350224253924444]",0.6593304271404238,"[0.6600336823152323, 0.6617503848207835, 0.5541317949784769, 0.7074073766957445, 0.7133288968918813]",0.6423136980255825,"[0.667022792022792, 0.6016014298480786, 0.5130102040816327, 0.709277703381319, 0.7206563607940902]",0.5972756849528693,"[0.607287468245106, 0.6305353627796311, 0.35238882163733926, 0.6974244587415426, 0.6987423133607278]",0.6593304271404238,"[0.6600336823152323, 0.6617503848207835, 0.5541317949784769, 0.7074073766957445, 0.7133288968918813]",GaussianNB
2,imdb,target2,content_rating,0.1375926270351026,"[0.1986413599194043, 0.16087968277409273, 0.08540231304276248, 0.1176069667614342, 0.1254328126778195]",0.2382473395552752,"[0.267075230765707, 0.24780892634431298, 0.23575123902269368, 0.23175746348947954, 0.20884383815418298]",0.1103657424497207,"[0.14634933541316292, 0.11954689259145371, 0.08683168719201416, 0.09724220321860709, 0.10185859383336558]",0.0301117531608639,"[0.15055876580431987, 0.0, 0.0, 0.0, 0.0]",0.8614436912918684,"[0.8620587756863963, 0.8592751629365224, 0.8621755004143129, 0.8621075417238213, 0.8616014756982887]",GaussianNB
3,mushroom,target1,Class,0.9949637148408076,"[0.9941724941724941, 0.998123574814352, 0.9913367478774455, 0.9934329483509812, 0.9977528089887641]",0.9964403717943464,"[0.9964539007092199, 0.998123574814352, 0.9938073470469376, 0.9952768904158211, 0.9985401459854015]",0.9956871206229692,"[0.9952898082130057, 0.998123574814352, 0.9925394339485492, 0.9943399064171122, 0.998142879721827]",0.9964367919014396,"[0.9964475909040272, 0.9981234761675846, 0.9937997189310885, 0.9952740946644141, 0.9985390788400837]",0.9964403717943464,"[0.9964539007092199, 0.998123574814352, 0.9938073470469376, 0.9952768904158211, 0.9985401459854015]",GaussianNB
4,mushroom,target3,habitat,0.6775231823189173,"[0.6826224306695955, 0.6711722607343003, 0.674223316939537, 0.6864292013101537, 0.6731687019410001]",0.8439442903922583,"[0.8450990364025696, 0.8449457621478297, 0.8399416947015839, 0.8487453999194986, 0.8409895587898091]",0.6963358828964382,"[0.6960061685537484, 0.6934676178182109, 0.6953678832341937, 0.7042489734621497, 0.692588771413888]",0.8032508558022509,"[0.8034038952084858, 0.8050552047389566, 0.7969794498487347, 0.8106100301813037, 0.8002056990337731]",0.9327260508044948,"[0.9329562653552029, 0.9320874328921364, 0.9316305935655004, 0.9351577922322155, 0.9317981699774182]",GaussianNB
5,mushroom,target2,population,0.6356963579947398,"[0.6363025448731694, 0.6296680994149291, 0.6349145907869561, 0.6278584740644176, 0.6497380808342266]",0.7297056343457659,"[0.7296190774775712, 0.7230649267091865, 0.7295864166164948, 0.7305709824657193, 0.7356867684598573]",0.588278611748461,"[0.5954318149410714, 0.571210133051944, 0.5906840076894049, 0.5765826940341959, 0.6074844090256886]",0.5586035808596153,"[0.5732329682163022, 0.5304331162573909, 0.5728654534408351, 0.5545009889324308, 0.5619853774511172]",0.8914627933926891,"[0.8910913438927305, 0.8879861004879696, 0.8908007601868212, 0.890609101792719, 0.8968266606032053]",GaussianNB
6,census,target1,income,0.731200296386806,"[0.737877210612865, 0.7197657176609792, 0.737281911504893, 0.7225214408233276, 0.7385552013319647]",0.6276410981433306,"[0.6291277984070273, 0.6244955450278513, 0.6265386639504509, 0.6274930760296613, 0.6305504073016621]",0.645183611469832,"[0.6469927956726023, 0.6417794268076018, 0.6439676501492472, 0.6449361678584766, 0.6482420168612323]",0.5404779347915705,"[0.5414204626087725, 0.5374452927140655, 0.5362245105070393, 0.5429979550946975, 0.5443014530332775]",0.6276410981433306,"[0.6291277984070273, 0.6244955450278513, 0.6265386639504509, 0.6274930760296613, 0.6305504073016621]",GaussianNB
7,census,target3,workclass,0.1701935412462299,"[0.1720357607362884, 0.1715308794673874, 0.1706652740942445, 0.1768293773811956, 0.15990641455203378]",0.1771160952821109,"[0.1573609774283686, 0.16257327054191364, 0.16272402211110992, 0.244428463544249, 0.15849374278491377]",0.146380531693344,"[0.1449029897859258, 0.15110371245672424, 0.1492132647448053, 0.14025425762665264, 0.14642843385261214]",0.0,"[0.0, 0.0, 0.0, 0.0, 0.0]",0.8625102510536609,"[0.862325222682486, 0.8627651520277778, 0.862785312430077, 0.8621742669111981, 0.8625013012167655]",GaussianNB
8,census,target2,marital-status,0.2271610704535496,"[0.21959954410526303, 0.19627355985119685, 0.3034729405836277, 0.20203005352791795, 0.21442925419974238]",0.2358741020908007,"[0.2190244800153373, 0.23082044482428543, 0.2541493916959812, 0.2451572156467063, 0.23021897827169344]",0.1959561011834298,"[0.12541780696132734, 0.2033255807981604, 0.2326614259736062, 0.21503180411047002, 0.20334388807358503]",0.0,"[0.0, 0.0, 0.0, 0.0, 0.0]",0.8905007183813428,"[0.873210261098885, 0.8918374922946113, 0.8993404434387939, 0.8949509806299124, 0.8931644144445112]",GaussianNB
9,bank,target1,y,0.6818580292693384,"[0.649721269296741, 0.6852177491768932, 0.7252851711026616, 0.6782682359726754, 0.6707977207977208]",0.7235464622689248,"[0.7117279645856706, 0.7376791415608421, 0.7773199023199022, 0.7183092373910165, 0.672696065487193]",0.698055059257509,"[0.6718577238057758, 0.7054908224450787, 0.7469057153258098, 0.6942833963234858, 0.6717376383873952]",0.6998476737861198,"[0.6869115134474244, 0.721582149131423, 0.7648941659230282, 0.699014710108937, 0.6268358303197864]",0.7235464622689248,"[0.7117279645856706, 0.7376791415608421, 0.7773199023199022, 0.7183092373910165, 0.672696065487193]",GaussianNB
10,bank,target3,housing,0.5166327875093408,"[0.5508274231678487, 0.49248663101604273, 0.5288844621513944, 0.5225400324901369, 0.48842538872128105]",0.507044900600055,"[0.5163029741342995, 0.4970458368376787, 0.5177726120033812, 0.508314072932717, 0.4957890070921986]",0.4374894317313137,"[0.4319852941176471, 0.4180272584976012, 0.4797979797979798, 0.4417043079619767, 0.415932318281364]",0.3285251820079813,"[0.3119492366203015, 0.30795795044626045, 0.41424344670265417, 0.31560794009995147, 0.29286733617073907]",0.507044900600055,"[0.5163029741342995, 0.4970458368376787, 0.5177726120033812, 0.508314072932717, 0.4957890070921986]",GaussianNB
11,bank,target2,loan,0.4816898704871281,"[0.4724791384058865, 0.4683657673595754, 0.511019452650354, 0.46011161925432137, 0.496473374765503]",0.4750562214815148,"[0.4621359223300971, 0.44385792778649924, 0.5213974933437237, 0.4539549033643522, 0.49393486058290226]",0.3755118074955259,"[0.3114987803203903, 0.35867345249003657, 0.47712882096069875, 0.28865873962689603, 0.4415992440796079]",0.4448535375611971,"[0.4077669902912621, 0.43720695500765355, 0.5101731483921383, 0.37547393101310866, 0.493646663101823]",0.4750562214815148,"[0.4621359223300971, 0.44385792778649924, 0.5213974933437237, 0.4539549033643522, 0.49393486058290226]",GaussianNB
12,intention,target1,Revenue,0.6882482562575042,"[0.6801835220616946, 0.6807972502416947, 0.6953376623376624, 0.6817208762031198, 0.7032019704433498]",0.724109893230934,"[0.7114758627552651, 0.7170837378204438, 0.7429836668967104, 0.7230050613388653, 0.7260011373433859]",0.7026290716271826,"[0.6931414018727264, 0.6952574661339006, 0.7135128129250998, 0.6979564632000544, 0.7132772140041316]",0.7079779738193123,"[0.6918929903552342, 0.7006194258716182, 0.732121465570889, 0.7066784882443606, 0.7085774990544592]",0.724109893230934,"[0.7114758627552651, 0.7170837378204438, 0.7429836668967104, 0.7230050613388653, 0.7260011373433859]",GaussianNB
13,intention,target3,SpecialDay,0.2622737378382669,"[0.25436479570187603, 0.266162233885498, 0.2591350166258288, 0.25436462457967934, 0.2773420183984523]",0.4539193826970657,"[0.4537484239282712, 0.45671857448965886, 0.4420576650746188, 0.4415209792874986, 0.4755512707052811]",0.2834308887516565,"[0.27921799022392835, 0.28813885342965356, 0.27528854872676356, 0.27869640217236386, 0.29581264920557315]",0.273229606366063,"[0.26095673532038044, 0.2830593536852589, 0.24957818471065005, 0.26042013328368924, 0.31213362483033663]",0.9512990456861964,"[0.9518680659851376, 0.951795027985688, 0.9493731934589263, 0.949594924696938, 0.9538640163042932]",GaussianNB
14,intention,target2,VisitorType,0.5740053120532735,"[0.580702970930367, 0.5685449644178298, 0.5690279221171981, 0.5687525346964216, 0.5829981681045511]",0.6533184117643838,"[0.6629089775184278, 0.651888644168578, 0.6392785126465539, 0.6472772962745938, 0.6652386282137657]",0.5024525544070287,"[0.5156298216290354, 0.4815692304224001, 0.48361285171032753, 0.49825121978612114, 0.5331996484872596]",0.6402291349904923,"[0.6507730094373642, 0.6337763733483319, 0.6213476017119125, 0.6365694315481188, 0.658679258906734]",0.6533184117643838,"[0.6629089775184278, 0.651888644168578, 0.6392785126465539, 0.6472772962745938, 0.6652386282137657]",GaussianNB
15,anuran,target1,Family,0.70187000800772,"[0.7323559327102025, 0.6870241104172862, 0.752421991138469, 0.6538415769972434, 0.6837064287753993]",0.8680643247179635,"[0.882792712810179, 0.854115798761164, 0.8514709239317129, 0.8735319481750052, 0.8784102399117566]",0.7371351016522361,"[0.7628979906867525, 0.725662354643782, 0.7630487491459532, 0.7026074343033841, 0.7314589794813081]",0.8640289065867643,"[0.8782023336732067, 0.849940333474544, 0.8473616647000408, 0.8701361257526107, 0.8745040753334192]",0.941571230357338,"[0.9411615405911168, 0.9376981369664307, 0.944435081434271, 0.9433781598620302, 0.9411832329328412]",GaussianNB
16,anuran,target3,Species,0.8218534252854137,"[0.8600351896585676, 0.7995643304717601, 0.8416832473355059, 0.7778072546013525, 0.8301771043598821]",0.8255411863879754,"[0.8389813936856036, 0.8112399159482022, 0.8233500404181129, 0.799788143383384, 0.8543464385045741]",0.810947250310182,"[0.839289277603406, 0.7909324799290566, 0.8172266502757726, 0.7740296248308571, 0.8332582189118174]",0.8089176362940134,"[0.8173853487081125, 0.7939459345424351, 0.8037658268089851, 0.7809521407615841, 0.8485389306489495]",0.9900670092574464,"[0.9911710411887931, 0.9889266984537673, 0.9902006672556446, 0.9893537293184778, 0.9906829100705494]",GaussianNB
17,anuran,target2,Genus,0.7476054652678317,"[0.7944865482492988, 0.7199867180033405, 0.7724459429218372, 0.6831771979342894, 0.7679309192303925]",0.7992488279782588,"[0.815357334028708, 0.7897634589589584, 0.792816354223466, 0.75533503727391, 0.8429719554062516]",0.7481047017392137,"[0.784328834987942, 0.7294127787314014, 0.753441543200761, 0.6930961433625884, 0.7802442084133755]",0.7749282331110198,"[0.7842808358928988, 0.7682198197082861, 0.7629955451638784, 0.7185312316199938, 0.8406137331700417]",0.9768843704874876,"[0.9773994762697461, 0.9763200873381771, 0.9782891520264618, 0.9760765778192879, 0.9763365589837651]",GaussianNB
18,telco,target1,Churn,0.6598777736432908,"[0.6438316237637016, 0.6789972492287817, 0.6678741513831188, 0.6530062026008658, 0.6556796412399861]",0.693079712502939,"[0.6919864784251342, 0.6945842746143471, 0.7123828574633383, 0.6785060696638809, 0.6879388823479943]",0.5865522280291113,"[0.5605656388949632, 0.6037462859568354, 0.606811511179168, 0.5818287758962788, 0.5798089282183112]",0.6589656108672088,"[0.654762141484111, 0.6572496955365594, 0.6841745144886417, 0.6458082229602242, 0.6528334798665081]",0.693079712502939,"[0.6919864784251342, 0.6945842746143471, 0.7123828574633383, 0.6785060696638809, 0.6879388823479943]",GaussianNB
19,telco,target3,PaymentMethod,0.371118947688637,"[0.3544349900021648, 0.4304073540014419, 0.3220750930911238, 0.3510737747058531, 0.3976035266426014]",0.3605294649893289,"[0.36981857082965897, 0.3508068449703775, 0.35883258428305753, 0.35721165913259545, 0.3659776657309552]",0.280692000469081,"[0.29070513044117513, 0.26946702391840216, 0.27055288257851595, 0.27479370948596993, 0.2979412559213422]",0.057199110437155,"[0.0, 0.0852464671330248, 0.0, 0.0730632129186006, 0.12768587213414984]",0.7921118809018989,"[0.7937140293529965, 0.7885593371024026, 0.7902359663488998, 0.7906340703529967, 0.7974160013521989]",GaussianNB
20,telco,target2,Contract,0.5849576881811773,"[0.590914026437681, 0.5497057670457136, 0.5831092597204496, 0.5939409291559995, 0.6071184585460432]",0.5921416348382547,"[0.5993589479183853, 0.5533469252826492, 0.5876968845348292, 0.6035193581434448, 0.616786058311965]",0.5857281966107143,"[0.5936559376157302, 0.5506932795719927, 0.5842455070197023, 0.5924227123673038, 0.6076235464788424]",0.5624302946143678,"[0.577525363525207, 0.5255699473038732, 0.5601550998648985, 0.5598440767184124, 0.589056985659448]",0.8270744325783352,"[0.8290810875998801, 0.8146324015285646, 0.8250002048998671, 0.8321618021060516, 0.8344966667573132]",GaussianNB
21,paris,target1,category,0.4367499999999999,"[0.436, 0.43725, 0.4385, 0.43425, 0.43775]",0.5,"[0.5, 0.5, 0.5, 0.5, 0.5]",0.4662383037360453,"[0.4658119658119658, 0.46652440650840227, 0.4672349493873202, 0.46481134599946483, 0.46680885097307384]",0.0,"[0.0, 0.0, 0.0, 0.0, 0.0]",0.5,"[0.5, 0.5, 0.5, 0.5, 0.5]",GaussianNB
22,paris,target3,hasStorageRoom,0.5051787684397064,"[0.5145, 0.4902102007085791, 0.5209454492653665, 0.49739023899033297, 0.5028479532342537]",0.5052381931353073,"[0.5145139479039357, 0.4905936613718094, 0.5207773189936624, 0.4975115122564023, 0.5027945251507263]",0.5022248700664852,"[0.5143833305951755, 0.4852561204056585, 0.5201264820231708, 0.49080570903789555, 0.5005527082705257]",0.4995208648524016,"[0.5145137511753625, 0.4805125514731498, 0.5188149065324295, 0.4856554630608462, 0.4981076520202204]",0.5052381931353073,"[0.5145139479039357, 0.4905936613718094, 0.5207773189936624, 0.4975115122564023, 0.5027945251507263]",GaussianNB
23,paris,target2,isNewBuilt,0.5043109621580945,"[0.5039750699317859, 0.5137676938076225, 0.4951156040436393, 0.5105058251981069, 0.4981906178093177]",0.5041787740071474,"[0.5038885599526332, 0.5136190059816379, 0.49511968766001024, 0.5100640256102441, 0.49820259083121166]",0.5015064262276596,"[0.5006911960907234, 0.51161785975919, 0.4949388876054003, 0.5037075667447756, 0.4965766209382091]",0.5000043336553535,"[0.49841827072374983, 0.5108474191015854, 0.4948935995334664, 0.49951457028035623, 0.4963478086376098]",0.5041787740071474,"[0.5038885599526332, 0.5136190059816379, 0.49511968766001024, 0.5100640256102441, 0.49820259083121166]",GaussianNB
24,smoking,target1,smoking,0.709123952234321,"[0.7166295082662917, 0.7075795964818048, 0.7074518058311154, 0.7047169576735408, 0.7092418929188522]",0.7243074138792568,"[0.7326050941213039, 0.7232628084906867, 0.7236048043078689, 0.7199963273594719, 0.7220680351169526]",0.6975821279027408,"[0.7054390151990955, 0.6954794681331617, 0.6973572306840771, 0.6931371697962401, 0.6964977557011293]",0.7189266954353094,"[0.7271617155133189, 0.7176597638251152, 0.7189570294274313, 0.7147351776604864, 0.7161197907501953]",0.7243074138792568,"[0.7326050941213039, 0.7232628084906867, 0.7236048043078689, 0.7199963273594719, 0.7220680351169526]",GaussianNB
25,smoking,target3,dental caries,0.5359679526503485,"[0.5377929141072231, 0.5446205651624983, 0.5310819154310222, 0.527590372767825, 0.5387539957831735]",0.532380064840883,"[0.5370981828673106, 0.5413527903648672, 0.5273973303852926, 0.5265809075877944, 0.5294711129991504]",0.5330474699180769,"[0.5374197264090037, 0.5425607216081056, 0.5281927111030651, 0.5269845285405477, 0.5300796619296625]",0.4426820483944382,"[0.46305634051468464, 0.4617378372507059, 0.43292305908047457, 0.44673191933475515, 0.40896108579157076]",0.532380064840883,"[0.5370981828673106, 0.5413527903648672, 0.5273973303852926, 0.5265809075877944, 0.5294711129991504]",GaussianNB
26,smoking,target2,tartar,0.5388858147730857,"[0.5474189375591109, 0.5424051299261043, 0.5409038063385889, 0.5379172823770254, 0.5257839176645986]",0.5335364356719975,"[0.5434810639552019, 0.5361581054353162, 0.5392350593048968, 0.5323867111925575, 0.5164212384720149]",0.5224413187775294,"[0.539950430553071, 0.5272528313927041, 0.5379526615282075, 0.5236987620594328, 0.48335190835423186]",0.4928428469236878,"[0.5226580946477151, 0.499573701787522, 0.5281510901112388, 0.49552758293508126, 0.4183037651368822]",0.5335364356719975,"[0.5434810639552019, 0.5361581054353162, 0.5392350593048968, 0.5323867111925575, 0.5164212384720149]",GaussianNB
27,flight,target1,satisfaction,0.8474612287455745,"[0.8455489956395614, 0.845087132032208, 0.8499510750790469, 0.8478748999724055, 0.84884404100465]",0.8469148975126675,"[0.8449434937631752, 0.8442608984585833, 0.8493470157687965, 0.8476674146601771, 0.848355664912605]",0.8471797516017748,"[0.8452373459236151, 0.844657984071136, 0.8496401102809034, 0.8477701168043603, 0.8485932009288593]",0.8466029430589481,"[0.8446096333446167, 0.8438865557628275, 0.849039057476984, 0.8473935539199015, 0.8480859147904111]",0.8469148975126675,"[0.8449434937631752, 0.8442608984585833, 0.8493470157687965, 0.8476674146601771, 0.848355664912605]",GaussianNB
28,flight,target3,Class,0.5032197901479912,"[0.5011904217043832, 0.5033278413958886, 0.503434125074901, 0.5044427548040168, 0.5037038077607666]",0.5420816663077906,"[0.5388824308501969, 0.5428323472208187, 0.5421508207362078, 0.5448808359307412, 0.5416618968009885]",0.5216337515843545,"[0.5190442803070252, 0.5220739436706952, 0.5217547951140512, 0.5235840179486, 0.5217117208814016]",0.0,"[0.0, 0.0, 0.0, 0.0, 0.0]",0.8478293438331223,"[0.8456573290556547, 0.8479109532963168, 0.8480353620770428, 0.8493883437601418, 0.8481547309764551]",GaussianNB
29,flight,target2,Customer Type,0.7558638431892085,"[0.7563282654309782, 0.7539644534272479, 0.7617412487853543, 0.7473610244854554, 0.7599242238170065]",0.842080906313942,"[0.8399329883767557, 0.8426828905925001, 0.8451788058628877, 0.8356366466952871, 0.8469732000422792]",0.7829815501177506,"[0.7833526534837134, 0.7811916854648342, 0.7884895171880675, 0.7741053238761075, 0.7877685705760302]",0.8420468873319807,"[0.8398329822099401, 0.8426795083473634, 0.8451590978121292, 0.8356130865243897, 0.8469497617660809]",0.842080906313942,"[0.8399329883767557, 0.8426828905925001, 0.8451788058628877, 0.8356366466952871, 0.8469732000422792]",GaussianNB
0,imdb,target1,imdb_score,0.6185011983070577,"[0.6425518925518926, 0.6729049500937325, 0.6478014014317238, 0.5800305411955897, 0.5492172062623499]",0.3989851479645531,"[0.4029281776232996, 0.3942557001614205, 0.43184840728170726, 0.3951686678101772, 0.370724786946161]",0.4251121652927501,"[0.4342978428346386, 0.4181150386301346, 0.47212498107582485, 0.4176655805657689, 0.3833573833573834]",0.1982048278778069,"[0.18912103347323694, 0.1929589733157952, 0.26954014985261476, 0.2144534793019461, 0.12495050344544167]",0.6938069067875882,"[0.6939965342552025, 0.6941581560714014, 0.7089456473767841, 0.6924307680548503, 0.6795034281797023]",KNeighborsClassifier
1,imdb,target3,gross,0.7455173159295833,"[0.7667903979977508, 0.7452137287663603, 0.71086410988757, 0.7481123891530652, 0.7566059538431702]",0.7350614523079079,"[0.7448758643704745, 0.7212955109477586, 0.7043854315021363, 0.7561361902550665, 0.748614264464104]",0.7386428190729604,"[0.7526774193548387, 0.7294555737314119, 0.7072509558899676, 0.7517154048967292, 0.7521147414918541]",0.7261303460699736,"[0.7338347748686649, 0.7065790252259142, 0.6948593580372601, 0.7529173087266787, 0.74246126349135]",0.7350614523079079,"[0.7448758643704745, 0.7212955109477586, 0.7043854315021363, 0.7561361902550665, 0.748614264464104]",KNeighborsClassifier
2,imdb,target2,content_rating,0.1910095799673582,"[0.17897303726083144, 0.18681581452035947, 0.19213798093966533, 0.1856089827852099, 0.2115120843307252]",0.1929588399679785,"[0.18591091529204276, 0.1825786714465856, 0.18668277635848232, 0.1858628371217133, 0.22375899962106857]",0.1902062648575734,"[0.1815516566773727, 0.1821936353586308, 0.1865375773597673, 0.1851441431273364, 0.21560431176476028]",0.0,"[0.0, 0.0, 0.0, 0.0, 0.0]",0.8794333524162246,"[0.8826616735586957, 0.8790978008417463, 0.882549437084691, 0.8772438657441576, 0.8756139848518322]",KNeighborsClassifier
3,mushroom,target1,Class,1.0,"[1.0, 1.0, 1.0, 1.0, 1.0]",1.0,"[1.0, 1.0, 1.0, 1.0, 1.0]",1.0,"[1.0, 1.0, 1.0, 1.0, 1.0]",1.0,"[1.0, 1.0, 1.0, 1.0, 1.0]",1.0,"[1.0, 1.0, 1.0, 1.0, 1.0]",KNeighborsClassifier
4,mushroom,target3,habitat,0.5602195324953466,"[0.5688274265567205, 0.5560894182895681, 0.5653659538548341, 0.5652630254270404, 0.5455518383485699]",0.555137377558286,"[0.571485117364335, 0.5657683875551197, 0.5686463800593399, 0.5482098709405148, 0.5215771318721204]",0.5530365195361681,"[0.567611147308581, 0.5558166019007539, 0.5644398473080036, 0.5476213476473081, 0.5296936535161936]",0.4514526756396004,"[0.47463607877005065, 0.457417386422746, 0.4745223168408961, 0.4343036855676608, 0.416383910596649]",0.9089975738390574,"[0.909592270336172, 0.9102974597281138, 0.9104450372611942, 0.9076669618534989, 0.9069861400163081]",KNeighborsClassifier
5,mushroom,target2,population,0.4173466064540458,"[0.4109075091389212, 0.41984428614808816, 0.4284158756610685, 0.41437548595268825, 0.4131898753694632]",0.4187121957348497,"[0.4044774894610243, 0.4357222118048664, 0.42487199217336796, 0.4290552544310194, 0.39943403080397055]",0.4166684591298768,"[0.40682600386145684, 0.42672917784816483, 0.42620959418180543, 0.41907847430667083, 0.404499045451286]",0.3650632653986849,"[0.34933791261950753, 0.3856747178565815, 0.3744570977795726, 0.37717108795653576, 0.3386755107812272]",0.8390713764744511,"[0.8383596700208004, 0.8388257664067766, 0.838901691689136, 0.8421717223869415, 0.8370980318686012]",KNeighborsClassifier
6,census,target1,income,0.6822288905540198,"[0.6878835595887973, 0.6824232099601579, 0.6755505002151936, 0.6851489166456759, 0.6801382663602749]",0.6256452661648303,"[0.6290404904177198, 0.6269831427852115, 0.6174799487287266, 0.629198705540169, 0.6255240433523244]",0.6392731406716118,"[0.6431894106965705, 0.6410998384347691, 0.6301223044587224, 0.6433889000829041, 0.638565249685093]",0.5568262665693593,"[0.5614736910417183, 0.5588033963590304, 0.5428965595402744, 0.5625335025441525, 0.5584241833616213]",0.6256452661648303,"[0.6290404904177198, 0.6269831427852115, 0.6174799487287266, 0.629198705540169, 0.6255240433523244]",KNeighborsClassifier
7,census,target3,workclass,0.1756419889077887,"[0.1683756267271812, 0.17181710693741156, 0.1850848135797917, 0.1817423903158035, 0.17119000697875555]",0.1478137530796713,"[0.1467938452120782, 0.14738914935137964, 0.148132505683928, 0.14984099750180854, 0.1469122676491624]",0.1381513811157158,"[0.1362745767472876, 0.13756628596268475, 0.13928564810506344, 0.141461856512412, 0.13616853825113157]",0.0,"[0.0, 0.0, 0.0, 0.0, 0.0]",0.8588053101033101,"[0.8589038535095961, 0.8585399010713439, 0.8591005669952626, 0.8586018706816553, 0.8588803582586924]",KNeighborsClassifier
8,census,target2,marital-status,0.1910257700850251,"[0.17799702504753542, 0.198613843009335, 0.20196586529870436, 0.18437243712266302, 0.192179679946888]",0.1818641654748112,"[0.1837504225701763, 0.18096168536312818, 0.18481499272510118, 0.18054630051429824, 0.1792474262013525]",0.1771386790516029,"[0.17799053898802672, 0.17621517681199408, 0.18175790238234374, 0.17570574890961102, 0.1740240281660393]",0.0,"[0.0, 0.0, 0.0, 0.0, 0.0]",0.8790885192579914,"[0.8805082090484239, 0.877758384480175, 0.8805166656389832, 0.8784074839652447, 0.8782518531571307]",KNeighborsClassifier
9,bank,target1,y,0.7521595070105748,"[0.7566375832629703, 0.7356951871657753, 0.7513590649633053, 0.7893163357400722, 0.7277893639207508]",0.7169605153841312,"[0.7488250811073043, 0.7116090933096478, 0.6881868131868132, 0.7264209248427326, 0.709760664474158]",0.7317207660407322,"[0.7526477832512315, 0.7226334587060275, 0.7131585054537015, 0.7519803905830343, 0.7181836922096663]",0.6770398997186122,"[0.7198030920419697, 0.6730416722176047, 0.6323589960440983, 0.6882750519815628, 0.6717206863078254]",0.7169605153841312,"[0.7488250811073043, 0.7116090933096478, 0.6881868131868132, 0.7264209248427326, 0.709760664474158]",KNeighborsClassifier
10,bank,target3,housing,0.5060927815510704,"[0.5124513024215109, 0.4873867908407382, 0.5251786541923106, 0.5277860082304526, 0.47766115207034]",0.505792052321493,"[0.5120165978599713, 0.48758410428931875, 0.5246830092983938, 0.5270929635336415, 0.47758358662613976]",0.5050899074540666,"[0.5101508143870146, 0.4867435463393991, 0.5241885854492851, 0.526805788914051, 0.47756080218058283]",0.4992652176613538,"[0.5022696821431041, 0.48248332592759074, 0.5182632418255775, 0.5169610805217183, 0.47634875788877806]",0.505792052321493,"[0.5120165978599713, 0.48758410428931875, 0.5246830092983938, 0.5270929635336415, 0.47758358662613976]",KNeighborsClassifier
11,bank,target2,loan,0.4962668328979998,"[0.4811837778589697, 0.5577572765072765, 0.5134680134680135, 0.4724326599326599, 0.45649243672307926]",0.5008955691192559,"[0.49514563106796117, 0.517445054945055, 0.5041561140333788, 0.4929670722977809, 0.4947639732521043]",0.4773565387478373,"[0.4697554697554698, 0.5069911812485495, 0.4902582582582583, 0.46431183465612047, 0.45546594982078853]",0.1793056718532451,"[0.16731735863703, 0.2623331494849274, 0.21034566150429246, 0.1616951186076186, 0.0948370710323572]",0.5008955691192559,"[0.49514563106796117, 0.517445054945055, 0.5041561140333788, 0.4929670722977809, 0.4947639732521043]",KNeighborsClassifier
12,intention,target1,Revenue,0.745110452567309,"[0.7345079365079366, 0.7311743612729718, 0.76396861227561, 0.7486399730919407, 0.7472613796880856]",0.6344888146246326,"[0.6209055460406747, 0.6284798732350237, 0.6586849254167281, 0.6384991663996611, 0.6258745620310752]",0.6636023160625134,"[0.6486762987091612, 0.6557030256801424, 0.690350095927625, 0.6691705087171833, 0.6541116512784557]",0.5418467970215662,"[0.5168861620476394, 0.5336990601078903, 0.5842394651762338, 0.5485867040413197, 0.5258225937347478]",0.6344888146246326,"[0.6209055460406747, 0.6284798732350237, 0.6586849254167281, 0.6384991663996611, 0.6258745620310752]",KNeighborsClassifier
13,intention,target3,SpecialDay,0.2551832958598773,"[0.14840843323687475, 0.20408679262630444, 0.2333884753239592, 0.48409090909090907, 0.20594186902133924]",0.1693599924280863,"[0.16635773864689526, 0.16873869102784766, 0.17014887527267172, 0.17256766929020098, 0.16898698790281588]",0.1633703964429097,"[0.15687131308717503, 0.16150610075604463, 0.16503430172280678, 0.17024690006532514, 0.1631933665831971]",0.0,"[0.0, 0.0, 0.0, 0.0, 0.0]",0.8346495468150075,"[0.8341562394839143, 0.8353382471244548, 0.8349596464522363, 0.8345541182470755, 0.834239482767356]",KNeighborsClassifier
14,intention,target2,VisitorType,0.6266143673025178,"[0.6431501831501831, 0.611796357615894, 0.6253517960332395, 0.6427295243394816, 0.6100439753737906]",0.5636901502466569,"[0.5671040449246814, 0.5614556409042921, 0.562634349698918, 0.5762711246767709, 0.5509855910286223]",0.5755675744713566,"[0.5804091977002537, 0.5728352858282166, 0.574147977492921, 0.5917640510398686, 0.5586813602955232]",0.4069255673609474,"[0.4112704748376681, 0.4054558030686184, 0.40579903813329443, 0.4354152185821229, 0.3766873021830332]",0.5636901502466569,"[0.5671040449246814, 0.5614556409042921, 0.562634349698918, 0.5762711246767709, 0.5509855910286223]",KNeighborsClassifier
15,anuran,target1,Family,0.9846325802519365,"[0.9918773482471754, 0.9865126661946346, 0.9930654056125424, 0.956792119430846, 0.9949153617744841]",0.9529797960787894,"[0.9620921979443612, 0.9444366482219132, 0.9591577776645028, 0.9279937243359426, 0.9712186322272268]",0.967674466110774,"[0.9760605955317676, 0.9635743392406184, 0.974728085992421, 0.9414937942273693, 0.9825155155616945]",0.950505660802697,"[0.9609360267421896, 0.942112308830543, 0.9572406552467161, 0.9217285981836517, 0.9705107150103852]",0.9944228625146369,"[0.9939961919385695, 0.9928358237967199, 0.9952166107812378, 0.9954049258081921, 0.9946607602484647]",KNeighborsClassifier
16,anuran,target3,Species,0.968903875994538,"[0.9796874900396799, 0.9539772423550638, 0.9738946818116775, 0.9637789421105815, 0.9731810236556873]",0.9501223422895902,"[0.9394925711766746, 0.9587557195553409, 0.9498483514854049, 0.9443798367494074, 0.9581352324811234]",0.9580731517979668,"[0.9563545695320137, 0.9544756238076767, 0.9609088897521273, 0.9533356643888441, 0.9652910115091728]",0.9476103225501082,"[0.9347487963923978, 0.9575863744522832, 0.9471438819083211, 0.9413414816109484, 0.9572310783865909]",0.9980573201673164,"[0.9980760191487053, 0.9978802636798051, 0.9981286285870743, 0.9980718616456514, 0.9981298277753454]",KNeighborsClassifier
17,anuran,target2,Genus,0.9710050861153524,"[0.9857180600058469, 0.9505211645903352, 0.979383116449219, 0.966084379077178, 0.9733187104541824]",0.9411702908486618,"[0.9293081710312687, 0.9550678518967319, 0.9419511011572372, 0.9279702693146702, 0.9515540608434008]",0.9542637984194512,"[0.953551844288281, 0.950459005348222, 0.959238883538323, 0.9460584970272818, 0.9620107618951479]",0.9381705765226088,"[0.9237195357949759, 0.9536685125080284, 0.9387716426648, 0.9241433768156578, 0.9505498148295817]",0.9971097434358178,"[0.9968840460891133, 0.9970819376798106, 0.9971033790403387, 0.9971876296745534, 0.997291724695273]",KNeighborsClassifier
18,telco,target1,Churn,0.6941998783606748,"[0.683956558868067, 0.7128050065567628, 0.7092898117783752, 0.6753067600594623, 0.689641254540706]",0.6657002802100217,"[0.6669923141431869, 0.6760310507722742, 0.6760683372636785, 0.6414780699078875, 0.6679316289630813]",0.6755967906000089,"[0.6742496250765688, 0.6874641204959508, 0.6882104898336414, 0.651629366568391, 0.6764303510254928]",0.6306115749743842,"[0.6333857578288358, 0.6439692014796987, 0.6414143229746436, 0.5971730307222295, 0.6371155618665136]",0.6657002802100217,"[0.6669923141431869, 0.6760310507722742, 0.6760683372636785, 0.6414780699078875, 0.6679316289630813]",KNeighborsClassifier
19,telco,target3,PaymentMethod,0.3908648283607722,"[0.3771277248849739, 0.38063922972413977, 0.3967699415532858, 0.4071534436645886, 0.3926338019768729]",0.3814417528717508,"[0.36914514315668884, 0.3729638048378258, 0.38752497632977373, 0.39836157036067005, 0.379213269673796]",0.3836545210063921,"[0.3708659124724232, 0.3749480181429587, 0.38916130227862816, 0.40143669750225963, 0.3818606746356905]",0.3693775053562301,"[0.35677204246805294, 0.361730444123157, 0.376435261110181, 0.3858176224296086, 0.3661321566501512]",0.7979995582116547,"[0.7929349355535178, 0.7942273051543501, 0.7996140726225075, 0.8038220403460911, 0.7993994373818066]",KNeighborsClassifier
20,telco,target2,Contract,0.6057036341087124,"[0.5985969775478062, 0.5907261963016321, 0.6197295613843647, 0.6314099250773798, 0.5880555102323793]",0.5837181956318569,"[0.5821993757905736, 0.5691073513113057, 0.5946222764404583, 0.5953971242963445, 0.5772648503206025]",0.5898332977826026,"[0.588409053002478, 0.5753705404711426, 0.6021854329653376, 0.6062166122808532, 0.5769848501932014]",0.5261020447530356,"[0.5381840683822099, 0.504623836111579, 0.5446495237921032, 0.5364761974715628, 0.5065765980077229]",0.8174720029865525,"[0.8174399118889135, 0.8121533550681349, 0.8216409336379079, 0.8239086752380261, 0.8122171390997807]",KNeighborsClassifier
21,paris,target1,category,0.487865530945747,"[0.4572474764135383, 0.5208333333333334, 0.4725852446683812, 0.5057388291344835, 0.48292277117899896]",0.4984488690820111,"[0.49564578555045874, 0.5022505746026756, 0.4963683473778866, 0.5005220749029728, 0.4974575629760619]",0.4725291210066082,"[0.4663630522877517, 0.4787065283709579, 0.47089688834655274, 0.47315756757986016, 0.4735215684479187]",0.0984315510960673,"[0.062104540176628455, 0.12551502786013086, 0.08947028454580322, 0.10624800453681438, 0.10881989836095982]",0.4984488690820111,"[0.49564578555045874, 0.5022505746026756, 0.4963683473778866, 0.5005220749029728, 0.4974575629760619]",KNeighborsClassifier
22,paris,target3,hasStorageRoom,0.5168712225752266,"[0.5081326844262295, 0.5095030095030095, 0.5223997855637603, 0.5263221153846154, 0.517998517998518]",0.5168649418727529,"[0.5081358185215993, 0.5095033421203163, 0.5224017348441201, 0.5262851518897704, 0.517998661987958]",0.5167884986274136,"[0.5081280218164987, 0.5094969343558398, 0.5223995845126437, 0.5259198804597978, 0.5179980719922881]",0.5167516016376235,"[0.5079999995113414, 0.5095030376361194, 0.5223656321567648, 0.5258908689037824, 0.5179984699801092]",0.5168649418727529,"[0.5081358185215993, 0.5095033421203163, 0.5224017348441201, 0.5262851518897704, 0.517998661987958]",KNeighborsClassifier
23,paris,target2,isNewBuilt,0.5046152796797061,"[0.5071608407283323, 0.5104373757455268, 0.5131512027904257, 0.4892147799534975, 0.5031121991807476]",0.5046131208229461,"[0.5071570306124081, 0.5104416047476937, 0.5131368407578085, 0.48921568627450984, 0.5031144417223103]",0.5044508162593893,"[0.5069758418162491, 0.5104107723632632, 0.5129176830884421, 0.48899948899948903, 0.502950295029503]",0.5044937046198908,"[0.5069881786885365, 0.5104340304276779, 0.5128516677142787, 0.4890968066492663, 0.503097839619695]",0.5046131208229461,"[0.5071570306124081, 0.5104416047476937, 0.5131368407578085, 0.48921568627450984, 0.5031144417223103]",KNeighborsClassifier
24,smoking,target1,smoking,0.6621555108964109,"[0.6631583223680788, 0.651249081788331, 0.6700953224474935, 0.6656479125687573, 0.6606269153093938]",0.6568739905129887,"[0.6565376889356136, 0.649309720691482, 0.6642903263153176, 0.6603422605509797, 0.6538899560715501]",0.6589416831526103,"[0.6590590829104506, 0.6501945539129355, 0.6666286705266763, 0.6624891050153175, 0.6563370033976714]",0.6463628570137641,"[0.6448544461733599, 0.6406666510918713, 0.653772328837944, 0.6499681479222672, 0.6425527110433776]",0.6568739905129887,"[0.6565376889356136, 0.649309720691482, 0.6642903263153176, 0.6603422605509797, 0.6538899560715501]",KNeighborsClassifier
25,smoking,target3,dental caries,0.5119905236845069,"[0.5279558655139434, 0.5147009122349303, 0.5076117438333428, 0.5072797252556187, 0.5024043715846995]",0.5048610533935377,"[0.5111809853535701, 0.5063034961673016, 0.5028412277094471, 0.5029554650076695, 0.5010240927297002]",0.4867424128742936,"[0.49525456123274947, 0.4899479265776827, 0.48128377983276105, 0.4836661516601946, 0.48355964506808014]",0.2746326843137751,"[0.2890361043535121, 0.2857484635073241, 0.2600471929442518, 0.2708402943029792, 0.26749136646080823]",0.5048610533935377,"[0.5111809853535701, 0.5063034961673016, 0.5028412277094471, 0.5029554650076695, 0.5010240927297002]",KNeighborsClassifier
26,smoking,target2,tartar,0.5171676416597698,"[0.5165962590760813, 0.5177098458530962, 0.5245715321647213, 0.5173337408265059, 0.5096268303784446]",0.5166554233468774,"[0.516094959436611, 0.5172527188006631, 0.5236869248956726, 0.5169484014736963, 0.5092941121277438]",0.5157396343998641,"[0.5151870113011734, 0.5165597841523211, 0.5224279760519054, 0.5164559541389117, 0.5080674463550094]",0.5067881616873022,"[0.5060419817769335, 0.5083735596125312, 0.5130572142146922, 0.5086420749625292, 0.49782597786982485]",0.5166554233468774,"[0.516094959436611, 0.5172527188006631, 0.5236869248956726, 0.5169484014736963, 0.5092941121277438]",KNeighborsClassifier
27,flight,target1,satisfaction,0.7462583804041596,"[0.7473941683374692, 0.7448887632461357, 0.7461182817389255, 0.7440168195981247, 0.7488738691001426]",0.7403153021181509,"[0.7407858676006382, 0.7398035783337331, 0.7395985641859245, 0.7381990035434878, 0.7431894969269703]",0.7422772144547868,"[0.7429184349863707, 0.7415913284736876, 0.7416835112990232, 0.740157591335878, 0.7450352061789745]",0.7370318546415882,"[0.7372045745100145, 0.7368721314835331, 0.7360348375824025, 0.7348909288134066, 0.7401568008185838]",0.7403153021181509,"[0.7407858676006382, 0.7398035783337331, 0.7395985641859245, 0.7381990035434878, 0.7431894969269703]",KNeighborsClassifier
28,flight,target3,Class,0.495332289582774,"[0.5183794234908731, 0.4995613977696208, 0.47837880113864206, 0.4843505547273359, 0.49599127078739813]",0.4869960488322135,"[0.48846206951278326, 0.48776538464173647, 0.48480986387323854, 0.48700408088308356, 0.48693884525022596]",0.4727965043912466,"[0.47636011280071394, 0.47380184732362673, 0.4698621414445636, 0.47130222863174015, 0.47265619175558865]",0.1694185029143877,"[0.20006157821940612, 0.18219828006022046, 0.14970165524051257, 0.152378638838047, 0.16275236221375253]",0.7989467360194237,"[0.7991734371184035, 0.7987937589780173, 0.7981148794926286, 0.7991186741391137, 0.799532930368955]",KNeighborsClassifier
29,flight,target2,Customer Type,0.7149982941711994,"[0.7154919939071367, 0.7129805062530379, 0.7206026581507631, 0.7132374883264099, 0.7126788242186496]",0.664225221935314,"[0.6616183612135994, 0.6610241390574352, 0.6694658927845898, 0.665471057225079, 0.663546659395866]",0.682761997039272,"[0.6809008221161249, 0.6797448166319606, 0.6882065351252283, 0.6832909564043919, 0.6816668549186541]",0.6093315542903216,"[0.6044094139029303, 0.6042651141020747, 0.6174538931104593, 0.6118787247827318, 0.6086506255534117]",0.664225221935314,"[0.6616183612135994, 0.6610241390574352, 0.6694658927845898, 0.665471057225079, 0.663546659395866]",KNeighborsClassifier
0,imdb,target1,imdb_score,0.6689526128105778,"[0.5723498172287744, 0.692150669708136, 0.5427506213753107, 0.7444387697196686, 0.7930731860209997]",0.5476549516284023,"[0.5264502307185234, 0.5478119955609363, 0.5209398324813401, 0.5426465917031955, 0.6004261076780161]",0.5615004121103426,"[0.5430636540330418, 0.5738577951269833, 0.5281512980628026, 0.5606928611816027, 0.6017364521472824]",0.1791329076120831,"[0.0, 0.38346371206956426, 0.0, 0.21058543907679889, 0.3016153869140523]",0.7540161976177715,"[0.7416276929210336, 0.7625028482722763, 0.7434621750455163, 0.7508901084525167, 0.7715981633975146]",LinearDiscriminantAnalysis
1,imdb,target3,gross,0.7690498232673686,"[0.7527737226277372, 0.7879842542364746, 0.7491555145362252, 0.7581847997969662, 0.7971508251394399]",0.7257300207777704,"[0.7150080325337017, 0.7355652938774229, 0.7159991038709574, 0.7193273408736608, 0.7427503327331089]",0.7380865881616276,"[0.7251273193083131, 0.7495516130201769, 0.7265134099616859, 0.7322097753552034, 0.7570308231627596]",0.7041335326012312,"[0.6939481082881386, 0.7126604375986627, 0.6963489253692607, 0.6972223049968785, 0.7204878867532158]",0.7257300207777704,"[0.7150080325337017, 0.7355652938774229, 0.7159991038709574, 0.7193273408736608, 0.7427503327331089]",LinearDiscriminantAnalysis
2,imdb,target2,content_rating,0.3942800483720754,"[0.43744445354318684, 0.42118535532441903, 0.33955828582223807, 0.36146873188514866, 0.41174341528538455]",0.4317958253538297,"[0.48421149815144915, 0.4240929431457097, 0.377696696450948, 0.4101553710260101, 0.4628226179950317]",0.3870208338467761,"[0.42782279378834925, 0.41073095156112427, 0.33095761398775003, 0.35446077172843676, 0.4111320381682203]",0.0,"[0.0, 0.0, 0.0, 0.0, 0.0]",0.9109070207323836,"[0.9156210840825633, 0.9108833819797137, 0.9040665460514917, 0.9135738693293698, 0.9103902222187799]",LinearDiscriminantAnalysis
3,mushroom,target1,Class,0.9994258382810092,"[1.0, 0.9992846924177397, 0.9992805755395684, 0.9992927864214993, 0.999271137026239]",0.9990759561273468,"[1.0, 0.9988399071925754, 0.9988505747126437, 0.9988179669030732, 0.9988713318284425]",0.9992501565668436,"[1.0, 0.9990613701003561, 0.9990646548046006, 0.9990544269819135, 0.9990703309473477]",0.9990754217007436,"[1.0, 0.9988392335031453, 0.9988499133630073, 0.9988172674749604, 0.9988706941626053]",0.9990759561273468,"[1.0, 0.9988399071925754, 0.9988505747126437, 0.9988179669030732, 0.9988713318284425]",LinearDiscriminantAnalysis
4,mushroom,target3,habitat,0.7389398245480353,"[0.7348975749655517, 0.735713974246193, 0.7392672218447097, 0.74362623624227, 0.7411941154414522]",0.8581943368883606,"[0.8666543748224221, 0.8647383417563602, 0.8523472371863937, 0.8610661884499645, 0.846165542226662]",0.729431456951908,"[0.7293264067110291, 0.730396510501036, 0.7295283275577668, 0.7352016265594846, 0.7227044134302232]",0.8229151410378946,"[0.8283232418302346, 0.8298112219197002, 0.8164636632893001, 0.8276176909388777, 0.8123598872113602]",0.9501320217697884,"[0.9478583290870671, 0.9513344854221303, 0.9503710981880394, 0.9508835221873423, 0.9502126739643632]",LinearDiscriminantAnalysis
5,mushroom,target2,population,0.5810926155021977,"[0.5969982455847335, 0.5637410976519724, 0.5921997859677273, 0.5632966218244596, 0.5892273264820959]",0.7038796505657052,"[0.7226980964549105, 0.6945498092657675, 0.7136149105260153, 0.6903485207695734, 0.6981869158122594]",0.592301878640162,"[0.5975641243706328, 0.5823239142492159, 0.5990332573274436, 0.568508186484431, 0.6140799107690865]",0.600003391754939,"[0.5849860455072976, 0.6024953385872365, 0.6067313179449116, 0.5797538452904566, 0.6260504114447925]",0.8859370732454529,"[0.8897747762666515, 0.8832385107654512, 0.8881293601777913, 0.882415774800685, 0.8861269442166853]",LinearDiscriminantAnalysis
6,census,target1,income,0.7891761670223494,"[0.7927341310476479, 0.7910831689276292, 0.7807907449287494, 0.7912613610592607, 0.7900114291484597]",0.7447743984858568,"[0.753841421024312, 0.7467883590233431, 0.7348347300832355, 0.7430827799120483, 0.7453247023863452]",0.7621634106019859,"[0.7696101967327751, 0.7643752845116134, 0.7524330534847126, 0.7617014933735992, 0.7626970249072289]",0.7226012600472338,"[0.7347220486591393, 0.7247368682103704, 0.7104077903869177, 0.7196161922781669, 0.7235234007015748]",0.7447743984858568,"[0.753841421024312, 0.7467883590233431, 0.7348347300832355, 0.7430827799120483, 0.7453247023863452]",LinearDiscriminantAnalysis
7,census,target3,workclass,0.3546557287690241,"[0.354945037085618, 0.3346114771898846, 0.36443731578689537, 0.3471605907504452, 0.37212422303227755]",0.2315209960879351,"[0.22400083304990684, 0.23666593890494217, 0.21961952221778994, 0.2454155184015263, 0.23190316786551057]",0.2422430763519238,"[0.24266545831267614, 0.23078772858761212, 0.2388809964606402, 0.24458455045066033, 0.25429664794803014]",0.0495688561408458,"[0.0, 0.11818346281599283, 0.0, 0.12966081788823647, 0.0]",0.8817753800214122,"[0.8806321186331586, 0.8804180657301057, 0.881742920381938, 0.8818277876858254, 0.8842560076760336]",LinearDiscriminantAnalysis
8,census,target2,marital-status,0.4567885777168682,"[0.4600354059346162, 0.45077346356595654, 0.4648855481557355, 0.4606360484962722, 0.4476124224317604]",0.4809055634762049,"[0.4609551348411827, 0.4893705855956946, 0.5018579800648479, 0.4888674043140286, 0.4634767125652706]",0.4463637156787364,"[0.4531413270438545, 0.441007717158538, 0.45418719291820137, 0.4547982814618818, 0.42868405981120655]",0.375114800911708,"[0.33965890877168914, 0.38267041837871685, 0.4140209615048614, 0.3960603376233486, 0.34316337827992394]",0.9653071674352842,"[0.9668632175426437, 0.9651745588536308, 0.9648285153741002, 0.9658135473855799, 0.9638559980204668]",LinearDiscriminantAnalysis
9,bank,target1,y,0.7689182630581286,"[0.7523443870617015, 0.7817204301075269, 0.8065492957746478, 0.7514245014245013, 0.7525527009222661]",0.7255388328921331,"[0.7251902610593979, 0.7264205295628586, 0.7214590964590964, 0.7337490343229225, 0.7208752430563891]",0.7437837057267511,"[0.7377057057057057, 0.7496197604989274, 0.7544515407481531, 0.7420568442358161, 0.7350846774451532]",0.6880850093627247,"[0.6865141357107435, 0.6880681925349538, 0.6770407730589114, 0.7047225877004896, 0.6840793578085257]",0.7255388328921331,"[0.7251902610593979, 0.7264205295628586, 0.7214590964590964, 0.7337490343229225, 0.7208752430563891]",LinearDiscriminantAnalysis
10,bank,target3,housing,0.5395558289589164,"[0.5458631256384066, 0.5689351378958121, 0.5271312403761723, 0.5370228229452753, 0.5188268179389156]",0.5329299190497967,"[0.5378296402392788, 0.556759882253995, 0.5225274725274724, 0.5330315870570108, 0.514501013171226]",0.5197547887881894,"[0.5238297302126139, 0.5426348824786325, 0.5096104507869214, 0.5285988505136924, 0.49410002994908647]",0.4898848431187437,"[0.495493211479185, 0.5162518569603121, 0.4792393240024546, 0.5041133661290355, 0.454326457022731]",0.5329299190497967,"[0.5378296402392788, 0.556759882253995, 0.5225274725274724, 0.5330315870570108, 0.514501013171226]",LinearDiscriminantAnalysis
11,bank,target2,loan,0.4345939106289292,"[0.4166666666666667, 0.42071197411003236, 0.42949756888168555, 0.49428104575163395, 0.41181229773462785]",0.4997365150234495,"[0.5, 0.5, 0.4990583804143126, 0.49962419470293484, 0.5]",0.4565058581231984,"[0.45454545454545453, 0.45694200351493847, 0.4616724738675958, 0.45772783251231525, 0.45164152617568765]",0.0189751749812505,"[0.0, 0.0, 0.0, 0.0948758749062527, 0.0]",0.4997365150234495,"[0.5, 0.5, 0.4990583804143126, 0.49962419470293484, 0.5]",LinearDiscriminantAnalysis
12,intention,target1,Revenue,0.8154916645286037,"[0.8272096002157352, 0.7982089138492181, 0.827793444868222, 0.7836892005829373, 0.8405571631269062]",0.6508459500638659,"[0.639812443369001, 0.6491864030694794, 0.678161743989785, 0.6379561042896476, 0.6491130556014162]",0.6897620045419501,"[0.6795668581538841, 0.6861743608360392, 0.7199704381163536, 0.6735771102847216, 0.6895212553187521]",0.5611916213663575,"[0.5393939645384541, 0.561192940415413, 0.6082683704891721, 0.5414361208092322, 0.5556667105795158]",0.6508459500638659,"[0.639812443369001, 0.6491864030694794, 0.678161743989785, 0.6379561042896476, 0.6491130556014162]",LinearDiscriminantAnalysis
13,intention,target3,SpecialDay,0.2676280790408953,"[0.277762265144794, 0.2496926787971564, 0.25133562014246197, 0.27218175938251254, 0.2871680717375517]",0.2238665401757014,"[0.22330687950613304, 0.2341328370477224, 0.21768330696474944, 0.23194737029735105, 0.21226230706255103]",0.2307629095035663,"[0.229862235699644, 0.23664069293649573, 0.22641189910831702, 0.23723306400315913, 0.22366665577021563]",0.0,"[0.0, 0.0, 0.0, 0.0, 0.0]",0.851895781046401,"[0.8484683305185992, 0.8518779112925882, 0.8527463831304947, 0.8497337638714765, 0.8566525164188468]",LinearDiscriminantAnalysis
14,intention,target2,VisitorType,0.6777664182571036,"[0.7787784679089027, 0.6473509209432559, 0.6680037239521432, 0.6613135096281164, 0.6333854688531]",0.5102145227313888,"[0.5092482698557915, 0.5102175786037594, 0.5117624461561078, 0.5124306533381143, 0.5074136657031708]",0.4858339466031683,"[0.480740548302437, 0.48931634074057234, 0.4883519585588732, 0.4921058612253629, 0.4786550241885962]",0.1568794104139299,"[0.14111758486778755, 0.1597108068824345, 0.16931004662406726, 0.17437351969455978, 0.13988509400080085]",0.5102145227313888,"[0.5092482698557915, 0.5102175786037594, 0.5117624461561078, 0.5124306533381143, 0.5074136657031708]",LinearDiscriminantAnalysis
15,anuran,target1,Family,0.7189660615300746,"[0.7162046309280401, 0.6751328152441166, 0.782824936298341, 0.6938880118591533, 0.7267799133207216]",0.7342695296635264,"[0.7247890161707836, 0.7138399325258142, 0.7332332885509129, 0.7288553660973065, 0.7706300449728154]",0.7155294455244461,"[0.7070877877708015, 0.6878796905428988, 0.7295565369406074, 0.7081380790996772, 0.7449851332682449]",0.5848599139571198,"[0.553056466128411, 0.5394347501157534, 0.581754863773189, 0.562916659537004, 0.6871368302312411]",0.968081294530889,"[0.9681413196605322, 0.9620330535777858, 0.9690653379743845, 0.9713873502671226, 0.9697794111746196]",LinearDiscriminantAnalysis
16,anuran,target3,Species,0.8626541815243052,"[0.8800501967837017, 0.8562174193083688, 0.8708279311308683, 0.8181377453135241, 0.8880376150850624]",0.8676366931411821,"[0.8580496184038686, 0.8869681655769677, 0.8614145816505971, 0.8443015435188593, 0.8874495565556169]",0.8574846328374364,"[0.8601328559636434, 0.867720662413736, 0.8601020366510946, 0.8200956265333401, 0.8793719826253676]",0.8475655889422773,"[0.8276911070095312, 0.8793166015506935, 0.8443496231979503, 0.8078404216180315, 0.8786301913351803]",0.9933962384225192,"[0.993775991743688, 0.9929245372897085, 0.9932313322700521, 0.9933877472695315, 0.9936615835396159]",LinearDiscriminantAnalysis
17,anuran,target2,Genus,0.8063472167671352,"[0.823653507556297, 0.7912052576414408, 0.8332311203237104, 0.7653571735793341, 0.8182890247348936]",0.8381315208919684,"[0.8172637693133703, 0.8566656924837888, 0.8505338157301194, 0.8027903957859592, 0.8634039311466037]",0.8150176003658345,"[0.8086973350408702, 0.820894807432613, 0.8383200122289309, 0.7735371299676224, 0.8336387171591357]",0.8131831250007092,"[0.7734395657632597, 0.8530136489508313, 0.8363997702897629, 0.749954482579089, 0.8531081574206034]",0.9883790710587296,"[0.988327217057544, 0.9868975631965802, 0.9891079441916774, 0.9882589575719809, 0.9893036732758649]",LinearDiscriminantAnalysis
18,telco,target1,Churn,0.7397847832042406,"[0.755327671336059, 0.7648519808120507, 0.7396295501168837, 0.7124489554785145, 0.7266657582776945]",0.7113918581855844,"[0.7305425632779157, 0.7145648557751676, 0.7146315668590444, 0.6873767258382644, 0.7098435791775293]",0.7221958448859048,"[0.7413127646702965, 0.7304968487924127, 0.7250081726054267, 0.6970138451750592, 0.717147593186329]",0.6879476744014429,"[0.7090186774640275, 0.6869441897805945, 0.692358056690492, 0.6613446346937913, 0.6900728133783094]",0.7113918581855844,"[0.7305425632779157, 0.7145648557751676, 0.7146315668590444, 0.6873767258382644, 0.7098435791775293]",LinearDiscriminantAnalysis
19,telco,target3,PaymentMethod,0.4327495866368364,"[0.45019075976107226, 0.43006463623999036, 0.4462430415213177, 0.43116765194682405, 0.40608184371497735]",0.4378039928044474,"[0.45354140213577393, 0.4332357871418675, 0.4493689547640345, 0.4408892250189925, 0.4119845949615686]",0.4273869404251339,"[0.44152657818893426, 0.42336058150357103, 0.43808157892913313, 0.42869459241211494, 0.40527137109191647]",0.3875492340204514,"[0.4029849352670382, 0.3812053302696855, 0.40489198905721346, 0.38441754009796136, 0.3642463754103583]",0.8194721792558479,"[0.8233168673418578, 0.8186474312007623, 0.8207850135216583, 0.8214044013137971, 0.8132071829011642]",LinearDiscriminantAnalysis
20,telco,target2,Contract,0.6640189928055963,"[0.66317536174167, 0.6465713391014491, 0.6780006823775198, 0.6738917441076527, 0.65845583669969]",0.6589303078106835,"[0.6585997222680526, 0.6403427798118968, 0.6709334600638949, 0.6667245098467435, 0.6580510670628298]",0.6576861455502174,"[0.6579275592420167, 0.6417398513457223, 0.6701653450418567, 0.6645489905419556, 0.6540489815795364]",0.6078399603188472,"[0.6096312286725754, 0.5854405786259784, 0.621888977275799, 0.6101096901018559, 0.6121293269180277]",0.857484931213256,"[0.8570712508764684, 0.8489241259624561, 0.8650649290574445, 0.8630625291319873, 0.8533018210379231]",LinearDiscriminantAnalysis
21,paris,target1,category,0.6564979697068939,"[0.6579746835443038, 0.63849043715847, 0.675284031918365, 0.6687268689859364, 0.6420138269273943]",0.5334410626676143,"[0.5174706135321101, 0.5295581538910111, 0.5136945981774527, 0.5498981023617049, 0.5565838453757921]",0.5317334848228376,"[0.5043247189817797, 0.5282844101612238, 0.49737035156603726, 0.5594176123218937, 0.569270331083253]",0.2756723975968227,"[0.20645536411983392, 0.272840764937314, 0.17987067360869036, 0.3449799819479038, 0.3742152033703715]",0.5334410626676143,"[0.5174706135321101, 0.5295581538910111, 0.5136945981774527, 0.5498981023617049, 0.5565838453757921]",LinearDiscriminantAnalysis
22,paris,target3,hasStorageRoom,0.5088224504058447,"[0.5114128589584759, 0.5018283974687459, 0.5232233226737868, 0.49770315734989645, 0.5099445155783184]",0.5088079216215986,"[0.5114064616096068, 0.5018090651263445, 0.5231939376480379, 0.4977275546007017, 0.5099025891233021]",0.5080555484435267,"[0.5114014667968261, 0.5003246386312202, 0.5231393741517023, 0.4959793582003557, 0.5094329044375299]",0.5073850216173758,"[0.511047927649614, 0.4991582611987004, 0.5228441275287626, 0.49500709719876773, 0.5088676945110336]",0.5088079216215986,"[0.5114064616096068, 0.5018090651263445, 0.5231939376480379, 0.4977275546007017, 0.5099025891233021]",LinearDiscriminantAnalysis
23,paris,target2,isNewBuilt,0.5120545797833232,"[0.5174888685280739, 0.517180148012651, 0.5077531901146826, 0.4994281419515064, 0.5184225503097024]",0.5119946373886055,"[0.5174105071130243, 0.5170260084697351, 0.5077284946236559, 0.49943977591036415, 0.5183684008262478]",0.5105113585603089,"[0.5166210308882164, 0.5153000933347754, 0.5072041993206422, 0.4960628656555801, 0.5173686036023307]",0.5099158767656098,"[0.5162783960684812, 0.5147123795049274, 0.5069244975699627, 0.4942243448892744, 0.517439765795403]",0.5119946373886055,"[0.5174105071130243, 0.5170260084697351, 0.5077284946236559, 0.49943977591036415, 0.5183684008262478]",LinearDiscriminantAnalysis
24,smoking,target1,smoking,0.7262766309245012,"[0.7276129512971619, 0.7196556585191622, 0.7291365864588236, 0.7269903502606454, 0.7279876080867129]",0.7413705761984157,"[0.7424371507508603, 0.73518095380175, 0.7451986082644959, 0.7424783512722615, 0.7415578169027109]",0.7279361279158717,"[0.729753376391151, 0.7209437066008784, 0.7309164452150131, 0.728731820115875, 0.7293352912564411]",0.7411612739704146,"[0.7423312429543382, 0.7349320385122909, 0.7449489070329812, 0.7422666191918941, 0.7413275621605688]",0.7413705761984157,"[0.7424371507508603, 0.73518095380175, 0.7451986082644959, 0.7424783512722615, 0.7415578169027109]",LinearDiscriminantAnalysis
25,smoking,target3,dental caries,0.5182404434078234,"[0.519128213764455, 0.8927048260381594, 0.39157032214614435, 0.3915141991244809, 0.3962846559658772]",0.5000197335236785,"[0.5000514173224544, 0.5002613695765813, 0.49992834623101173, 0.49992833596101477, 0.49992919852732937]",0.4404151065789657,"[0.44124189586629886, 0.44042691663060507, 0.43916409643104426, 0.43912879264761423, 0.4421138313192661]",0.0091758071345075,"[0.023015546149663727, 0.02286348952287406, 0.0, 0.0, 0.0]",0.5000197335236785,"[0.5000514173224544, 0.5002613695765813, 0.49992834623101173, 0.49992833596101477, 0.49992919852732937]",LinearDiscriminantAnalysis
26,smoking,target2,tartar,0.5567082062422924,"[0.5551814056889018, 0.5731039249465986, 0.5517701254016549, 0.5470169925774586, 0.5564685825968486]",0.5285085455431128,"[0.5277879574045635, 0.534284957771928, 0.5254944756580244, 0.5258779283967487, 0.5290974084842989]",0.4805044514229649,"[0.47955975624304115, 0.4824965369716584, 0.4737925517553693, 0.4838802508496247, 0.48279316129513083]",0.3955866455109406,"[0.3937804143126185, 0.3924747975032047, 0.38707696752003506, 0.40534525622322437, 0.39925579199561984]",0.5285085455431128,"[0.5277879574045635, 0.534284957771928, 0.5254944756580244, 0.5258779283967487, 0.5290974084842989]",LinearDiscriminantAnalysis
27,flight,target1,satisfaction,0.8513920403480718,"[0.8505131185260324, 0.8484096720334966, 0.8540413625771, 0.8502919563671275, 0.8537040922366019]",0.8500739209980986,"[0.8497680025526702, 0.846961083893451, 0.8520126312754137, 0.849404682856777, 0.8522232044121807]",0.8506883852424927,"[0.8501275049461519, 0.8476387717543861, 0.8529370347335008, 0.8498303706673918, 0.8529082441110333]",0.8496637622354608,"[0.8494355919507951, 0.8465063741641835, 0.8515067510645264, 0.8490451809262892, 0.8518249130715095]",0.8500739209980986,"[0.8497680025526702, 0.846961083893451, 0.8520126312754137, 0.849404682856777, 0.8522232044121807]",LinearDiscriminantAnalysis
28,flight,target3,Class,0.5184219544143757,"[0.5184681250532335, 0.5186669039678744, 0.5194217272189773, 0.5174441098309508, 0.5181089060008424]",0.5589099956498472,"[0.5579560252689766, 0.5599850272789096, 0.5598099399935326, 0.5592941949833404, 0.557504790724477]",0.5378999409409081,"[0.5374833319558349, 0.5385268662708654, 0.5388509788729562, 0.5375531680683215, 0.5370853595365624]",0.0,"[0.0, 0.0, 0.0, 0.0, 0.0]",0.8625249637065833,"[0.8623133844655192, 0.8627770928340256, 0.8634554088638463, 0.8619917234003666, 0.8620872089691591]",LinearDiscriminantAnalysis
29,flight,target2,Customer Type,0.8168575504978393,"[0.8221821625823369, 0.8200811853340242, 0.8168085723858626, 0.8072101599233382, 0.8180056722636347]",0.7637208937598702,"[0.7656120100211512, 0.765781733415815, 0.7634258960255709, 0.7580251922441854, 0.7657596370926287]",0.7858501087002865,"[0.7889929340161181, 0.7883612221188079, 0.7855545955480119, 0.7786954916753674, 0.7876463001431269]",0.740443059899901,"[0.742223673123096, 0.7427880853403014, 0.740288413640664, 0.7339526046819129, 0.7429625227135305]",0.7637208937598702,"[0.7656120100211512, 0.765781733415815, 0.7634258960255709, 0.7580251922441854, 0.7657596370926287]",LinearDiscriminantAnalysis
0,imdb,target1,imdb_score,0.4273285863154399,"[0.44233258396348524, 0.43148341250531025, 0.42746452068946766, 0.43653566229985447, 0.3988267521190821]",0.4918771317258676,"[0.5082948802460997, 0.4914540816326531, 0.48012815897472816, 0.5081062194269741, 0.4714023183488833]",0.4558900233782978,"[0.47176978746531645, 0.4586612758310871, 0.45180348258706465, 0.46843033509700177, 0.4287852359110193]",0.0,"[0.0, 0.0, 0.0, 0.0, 0.0]",0.7256610153957028,"[0.729626572086671, 0.7323557463042442, 0.7241224122412241, 0.7286003952670619, 0.7135999510793126]",LogisticRegression
1,imdb,target3,gross,0.5284179767095695,"[0.8214765100671141, 0.32486631016042783, 0.33065595716198126, 0.34203480589022756, 0.8230563002680965]",0.5014926001262537,"[0.5055762081784386, 0.5, 0.5, 0.5, 0.5018867924528302]",0.3993488767023298,"[0.40236928104575165, 0.3938411669367909, 0.3980660757453666, 0.4062003179650238, 0.3962675418187162]",0.0334069026509419,"[0.10560500157131444, 0.0, 0.0, 0.0, 0.061429511683395124]",0.5014926001262537,"[0.5055762081784386, 0.5, 0.5, 0.5, 0.5018867924528302]",LogisticRegression
2,imdb,target2,content_rating,0.1077124366961456,"[0.08230637509474216, 0.14192524173762447, 0.08345983021307697, 0.12210288993646239, 0.10876784649882205]",0.1502181921242277,"[0.14056956115779645, 0.175850401399753, 0.14320889646181054, 0.14788919940818676, 0.14357290219359184]",0.1084752534188296,"[0.08873832079474739, 0.15470569631153572, 0.09577946039036156, 0.10392198127637416, 0.09923080832112943]",0.0,"[0.0, 0.0, 0.0, 0.0, 0.0]",0.8625949762748688,"[0.8559701043722628, 0.8795939883160856, 0.8586631137733342, 0.8606294556833312, 0.8581182192293303]",LogisticRegression
3,mushroom,target1,Class,0.9995716108757614,"[1.0, 0.9992846924177397, 0.9992805755395684, 0.9992927864214993, 1.0]",0.9993016897616585,"[1.0, 0.9988399071925754, 0.9988505747126437, 0.9988179669030732, 1.0]",0.999436090377374,"[1.0, 0.9990613701003561, 0.9990646548046006, 0.9990544269819135, 1.0]",0.9993012828682224,"[1.0, 0.9988392335031453, 0.9988499133630073, 0.9988172674749604, 1.0]",0.9993016897616585,"[1.0, 0.9988399071925754, 0.9988505747126437, 0.9988179669030732, 1.0]",LogisticRegression
4,mushroom,target3,habitat,0.613951951084382,"[0.6312366474575427, 0.6026479887762136, 0.6182287210967459, 0.6196791177280107, 0.5979672803633973]",0.6140563584725017,"[0.6390315654364739, 0.6000596551197971, 0.6113804827057098, 0.6322261853951995, 0.5875839037053284]",0.6096380274887003,"[0.6314565572094912, 0.5879722304715119, 0.6144922538253244, 0.6234395535496222, 0.5908295423875517]",0.5521308257807481,"[0.596546047469457, 0.49791957363368844, 0.561344019221498, 0.5703712276549525, 0.5344732609241445]",0.9254279144266816,"[0.9283964775790895, 0.9199336806598751, 0.9253027211882521, 0.9298494922973739, 0.9236572004088179]",LogisticRegression
5,mushroom,target2,population,0.5256364480187014,"[0.5304540205951177, 0.518341394024658, 0.5459099171420161, 0.5150535857608255, 0.5184233225708895]",0.5170213902238086,"[0.5188038535034195, 0.509873507676231, 0.51311952239881, 0.5428018286451579, 0.5005082388954241]",0.5143484610087107,"[0.5168181254433779, 0.5127522085503496, 0.5222879919735814, 0.5220789569559866, 0.4978050221202581]",0.4761987020077896,"[0.4681519926552383, 0.4877741008230103, 0.48118199909497505, 0.5049555255023559, 0.4389298919633685]",0.8717104191898926,"[0.8754060150605895, 0.8727452377799102, 0.8723632688189048, 0.8705727996062481, 0.8674647746838101]",LogisticRegression
6,census,target1,income,0.755906390161539,"[0.7547477227849284, 0.740293970081464, 0.7679045111673792, 0.7526460824443226, 0.7639396643296008]",0.614894392274544,"[0.6124005533943166, 0.6118731128038823, 0.6108802352323724, 0.6193163385846313, 0.6200017213575169]",0.6302183381328287,"[0.6266450808598407, 0.6272985312080389, 0.6247259864487844, 0.6364022906462685, 0.6360198015012108]",0.5056408335247407,"[0.5005797269741455, 0.5032628987770614, 0.49369829507719326, 0.5160293307445898, 0.5146339160507135]",0.614894392274544,"[0.6124005533943166, 0.6118731128038823, 0.6108802352323724, 0.6193163385846313, 0.6200017213575169]",LogisticRegression
7,census,target3,workclass,0.139367021529382,"[0.1409691106853913, 0.1560459664517764, 0.13704582608237093, 0.1392000579340186, 0.12357414649335297]",0.1444274691110151,"[0.14442272952167592, 0.14559362025135766, 0.14368361566715462, 0.1449250208034965, 0.14351235931139078]",0.1244540488639492,"[0.12452056864230816, 0.12716205051785764, 0.12301183384151781, 0.12539211806570394, 0.12218367325235842]",0.0,"[0.0, 0.0, 0.0, 0.0, 0.0]",0.8574350141641778,"[0.85730621244423, 0.857663124881137, 0.8572686469250039, 0.8574792334474581, 0.8574578531230594]",LogisticRegression
8,census,target2,marital-status,0.066532234785978,"[0.06631580611003114, 0.06584167022268582, 0.06729568694387812, 0.06599971551846759, 0.06720829513482755]",0.1428571428571428,"[0.14285714285714285, 0.14285714285714285, 0.14285714285714285, 0.14285714285714285, 0.14285714285714285]",0.090782380902154,"[0.09058233040099305, 0.09013901660626386, 0.09149217331514091, 0.09028701151289119, 0.09141137267548102]",0.0,"[0.0, 0.0, 0.0, 0.0, 0.0]",0.8571428571428571,"[0.8571428571428571, 0.8571428571428571, 0.8571428571428571, 0.8571428571428571, 0.8571428571428571]",LogisticRegression
9,bank,target1,y,0.7980079365593821,"[0.7798297436851653, 0.8381874286680475, 0.8334573412698413, 0.7706255116582275, 0.7679396575156292]",0.6931942094555295,"[0.6823928928777174, 0.6920565571212521, 0.7052045177045176, 0.6970091601368502, 0.6893079194373095]",0.7295348240945122,"[0.7176535087719298, 0.7376671416876384, 0.7487569190355569, 0.7248931623931624, 0.7187033885842735]",0.6346545318237891,"[0.6164959947009945, 0.6286140915672024, 0.6495239482739334, 0.6460085184030038, 0.6326301061738108]",0.6931942094555295,"[0.6823928928777174, 0.6920565571212521, 0.7052045177045176, 0.6970091601368502, 0.6893079194373095]",LogisticRegression
10,bank,target3,housing,0.5382705953121081,"[0.5512682841885304, 0.549298128342246, 0.525242718446602, 0.528066260406832, 0.5374775851763299]",0.5285272053445265,"[0.5372082736540568, 0.5403174936921783, 0.5141483516483516, 0.5244928094504365, 0.5264690982776089]",0.5047365646942992,"[0.5124723604201216, 0.5246418817234267, 0.46844649050043, 0.5182676478451126, 0.4998544429824051]",0.459993558457031,"[0.4695527887079746, 0.4966773536291684, 0.39258232145739713, 0.48988222225296857, 0.45127310623764616]",0.5285272053445265,"[0.5372082736540568, 0.5403174936921783, 0.5141483516483516, 0.5244928094504365, 0.5264690982776089]",LogisticRegression
11,bank,target2,loan,0.4179611650485436,"[0.4166666666666667, 0.42071197411003236, 0.42961165048543687, 0.4110032362459547, 0.41181229773462785]",0.5,"[0.5, 0.5, 0.5, 0.5, 0.5]",0.455284901142093,"[0.45454545454545453, 0.45694200351493847, 0.46214099216710186, 0.4511545293072824, 0.45164152617568765]",0.0,"[0.0, 0.0, 0.0, 0.0, 0.0]",0.5,"[0.5, 0.5, 0.5, 0.5, 0.5]",LogisticRegression
12,intention,target1,Revenue,0.8011514271089201,"[0.804264179584615, 0.7903046960959341, 0.805639410532185, 0.7770622155374719, 0.8284866337943948]",0.6662996320189023,"[0.6585216232211974, 0.6741438998207416, 0.6813558621081826, 0.6535562422274236, 0.6639205327169666]",0.703704889957359,"[0.6970353401949562, 0.7094697739073033, 0.7191110309515937, 0.6884935961542441, 0.7044147085786983]",0.5912967817224584,"[0.5771336416869475, 0.606867962726201, 0.6166435972453049, 0.5718196362832793, 0.5840190706705586]",0.6662996320189023,"[0.6585216232211974, 0.6741438998207416, 0.6813558621081826, 0.6535562422274236, 0.6639205327169666]",LogisticRegression
13,intention,target3,SpecialDay,0.1494868445384899,"[0.1482858323007022, 0.14831615120274913, 0.14989690721649485, 0.15064631463146314, 0.15028901734104047]",0.166559177147285,"[0.16635773864689526, 0.16666666666666666, 0.16666666666666666, 0.1665906326034063, 0.16651418115279049]",0.1575602344762566,"[0.15680279537016814, 0.15695686959051566, 0.15783760312635692, 0.15821779318313114, 0.1579861111111111]",0.0,"[0.0, 0.0, 0.0, 0.0, 0.0]",0.8332351801283119,"[0.8330525667278255, 0.8333333333333334, 0.8333333333333334, 0.8332637439109255, 0.8331929233361416]",LogisticRegression
14,intention,target2,VisitorType,0.626968861387884,"[0.6979206531445337, 0.5860248447204969, 0.5538086342880864, 0.6002360127724559, 0.6968541620138468]",0.5062705301219996,"[0.5085250297400731, 0.5031512796243037, 0.5028762970379965, 0.5084192605160587, 0.5083807836915655]",0.4782012372341079,"[0.48022051510682806, 0.4744227772534732, 0.47146055854040536, 0.4855615271263193, 0.47934080814351343]",0.1283603596416576,"[0.14101533808353786, 0.09789550819787114, 0.10705516994863255, 0.15581481121495858, 0.14002097076328812]",0.5062705301219996,"[0.5085250297400731, 0.5031512796243037, 0.5028762970379965, 0.5084192605160587, 0.5083807836915655]",LogisticRegression
15,anuran,target1,Family,0.6805077773806103,"[0.6769130781315886, 0.6645579111105828, 0.6769771241830066, 0.6880496148760677, 0.6960411586018055]",0.6908060789776487,"[0.696687640696239, 0.6834717081282177, 0.6947484084496566, 0.6861958129127859, 0.6929268247013444]",0.6853862503746333,"[0.6864294488513278, 0.6737037223133897, 0.6853299188110459, 0.6870698136979669, 0.6943983481994362]",0.0,"[0.0, 0.0, 0.0, 0.0, 0.0]",0.968720158567028,"[0.9691472271331615, 0.963079596815224, 0.9688656569496841, 0.9717805557305297, 0.9707277562065411]",LogisticRegression
16,anuran,target3,Species,0.9129413225840536,"[0.9441136073859185, 0.8975904776556609, 0.9141842034312294, 0.8777851675754057, 0.9310331568720537]",0.7812984805633025,"[0.7780042201626521, 0.7915459084626697, 0.7592234639842665, 0.7908226303056531, 0.786896179901271]",0.8069892640016267,"[0.8076828956452424, 0.7997968991132746, 0.7875866290889277, 0.8209927470879175, 0.8188871490727708]",0.6868752013891126,"[0.6816254809801972, 0.6569226442681536, 0.6567741191658403, 0.7284748746207791, 0.7105788879105931]",0.993207570547705,"[0.9939607881100899, 0.9924318244628096, 0.9924190706180598, 0.9940974867924666, 0.9931286827550995]",LogisticRegression
17,anuran,target2,Genus,0.7962577414658628,"[0.8276688289515868, 0.7849537331827208, 0.7831327912847613, 0.7881049535656931, 0.7974284003445516]",0.6848057746277957,"[0.7006605038957137, 0.7169836020281719, 0.6633980451711479, 0.6701333217723507, 0.6728534002715941]",0.7166464442321054,"[0.7360512802258441, 0.7423950610375234, 0.6959701645639698, 0.7011640575575633, 0.7076516577756262]",0.0,"[0.0, 0.0, 0.0, 0.0, 0.0]",0.9866334978185678,"[0.9874874439679429, 0.9867056355781857, 0.9845512243829286, 0.9879700554614623, 0.9864531297023196]",LogisticRegression
18,telco,target1,Churn,0.7481304967022357,"[0.7458251537756838, 0.7804897564758707, 0.7690296421906233, 0.7105109446415794, 0.7347969864274212]",0.7125060001861592,"[0.7165238716891306, 0.720681063726238, 0.7275295977694511, 0.6832082799568922, 0.7145871877890841]",0.7255273324002242,"[0.7287937835418001, 0.7388149518180478, 0.7434387797153322, 0.6934021122502798, 0.7231870346756613]",0.6870283330405437,"[0.6908615569039918, 0.6915391854206732, 0.7030491278364993, 0.6552285924991325, 0.6944632025424216]",0.7125060001861592,"[0.7165238716891306, 0.720681063726238, 0.7275295977694511, 0.6832082799568922, 0.7145871877890841]",LogisticRegression
19,telco,target3,PaymentMethod,0.3992677804232723,"[0.3964663979741113, 0.39611811734936025, 0.38416933889156113, 0.393165308257504, 0.426419739643825]",0.3827443417933752,"[0.38206790598744544, 0.3723928962850378, 0.37987124326069616, 0.37721452375855713, 0.4021751396751397]",0.3623843019772936,"[0.3592864495263448, 0.35056627489137093, 0.34844886264936203, 0.35920937522781954, 0.3944105475915707]",0.3028487829444233,"[0.3055501691194267, 0.28906617008645974, 0.28372369883421067, 0.2942522455744584, 0.34165163110756125]",0.8001428522646256,"[0.7992330820390535, 0.7968467671809211, 0.7980501476811224, 0.7987202006609145, 0.807864063761116]",LogisticRegression
20,telco,target2,Contract,0.628272655174462,"[0.6509706846613524, 0.628426559532414, 0.6651073832459858, 0.5984379690262043, 0.5984206794063528]",0.6241346594564066,"[0.6422688775229609, 0.6189293720401353, 0.6534976282011855, 0.6019979051634007, 0.6039795143543507]",0.6097500612468525,"[0.6324329405109294, 0.6166652002555113, 0.6438448267824821, 0.5721601344662332, 0.5836472042191064]",0.5171903204606101,"[0.5529776105607977, 0.5427368486599166, 0.56715107073658, 0.43098500468980905, 0.4921010676559472]",0.8404439607672485,"[0.8491952712863086, 0.8364567385183334, 0.8573424430896012, 0.8339861892490369, 0.8252391616929621]",LogisticRegression
21,paris,target1,category,0.4367499999999999,"[0.436, 0.43725, 0.4385, 0.43425, 0.43775]",0.5,"[0.5, 0.5, 0.5, 0.5, 0.5]",0.4662383037360453,"[0.4658119658119658, 0.46652440650840227, 0.4672349493873202, 0.46481134599946483, 0.46680885097307384]",0.0,"[0.0, 0.0, 0.0, 0.0, 0.0]",0.5,"[0.5, 0.5, 0.5, 0.5, 0.5]",LogisticRegression
22,paris,target3,hasStorageRoom,0.3948278428825906,"[0.4769579138415177, 0.2485, 0.254, 0.49398597093036045, 0.500695329641075]",0.495164830076213,"[0.4784472878436177, 0.5, 0.5, 0.496717356601894, 0.5006595059355534]",0.4121723199772361,"[0.4677638866909321, 0.331997327989312, 0.33687002652519893, 0.4299180787790372, 0.4943122799017]",0.2627539132648352,"[0.46119237110498906, 0.0, 0.0, 0.3649521958567054, 0.48762499936248144]",0.495164830076213,"[0.4784472878436177, 0.5, 0.5, 0.496717356601894, 0.5006595059355534]",LogisticRegression
23,paris,target2,isNewBuilt,0.4017503468375075,"[0.247, 0.24475, 0.5086664632285627, 0.5105250335665082, 0.497810237392467]",0.5028083839861884,"[0.5, 0.5, 0.5085205453149002, 0.5076930772308923, 0.49782829738515]",0.4261722269702712,"[0.33065595716198126, 0.328633769721383, 0.5061624304035316, 0.4694746652825021, 0.4959343122819584]",0.2872347996974786,"[0.0, 0.0, 0.5043404395781242, 0.43627071051486055, 0.4955628483944087]",0.5028083839861884,"[0.5, 0.5, 0.5085205453149002, 0.5076930772308923, 0.49782829738515]",LogisticRegression
24,smoking,target1,smoking,0.6910569629916367,"[0.6926160236610472, 0.6847084139625308, 0.6968360137316928, 0.6896830288554561, 0.6914413347474568]",0.6741587558216751,"[0.6768894646306672, 0.6689993119280021, 0.6798570920579763, 0.674484832325928, 0.6705630781658012]",0.6791737391946014,"[0.6818213683008634, 0.6738080595947757, 0.6851658566815617, 0.6792871932536737, 0.6757862181421324]",0.6574094516431952,"[0.6612690987416815, 0.6521281458690253, 0.6637343641119027, 0.6588135444510652, 0.651102105042301]",0.6741587558216751,"[0.6768894646306672, 0.6689993119280021, 0.6798570920579763, 0.674484832325928, 0.6705630781658012]",LogisticRegression
25,smoking,target3,dental caries,0.5132380658693946,"[0.4941163260723108, 0.8927048260381594, 0.39157032214614435, 0.3915141991244809, 0.3962846559658772]",0.5000054966216283,"[0.4999802328122039, 0.5002613695765813, 0.49992834623101173, 0.49992833596101477, 0.49992919852732937]",0.440408028871288,"[0.44120650732791056, 0.44042691663060507, 0.43916409643104426, 0.43912879264761423, 0.4421138313192661]",0.009175479312748,"[0.02301390704086632, 0.02286348952287406, 0.0, 0.0, 0.0]",0.5000054966216283,"[0.4999802328122039, 0.5002613695765813, 0.49992834623101173, 0.49992833596101477, 0.49992919852732937]",LogisticRegression
26,smoking,target2,tartar,0.5594843804756262,"[0.5608107241723432, 0.5640510161497588, 0.5615809560283941, 0.5428848002101958, 0.5680944058174395]",0.5300401931039481,"[0.5309746653326508, 0.5304221358586252, 0.5309826635630519, 0.5237616289835454, 0.5340598717818674]",0.4826189109476321,"[0.4840991885407685, 0.4786599680175532, 0.48173856648407265, 0.481872362782603, 0.48672446891316323]",0.3984702428200039,"[0.40013016578740696, 0.38868193453117184, 0.3982980826208186, 0.403508522094908, 0.40173250906571406]",0.5300401931039481,"[0.5309746653326508, 0.5304221358586252, 0.5309826635630519, 0.5237616289835454, 0.5340598717818674]",LogisticRegression
27,flight,target1,satisfaction,0.7745023881464126,"[0.7822748077438509, 0.7702541397344327, 0.7756171691441325, 0.7724619297371311, 0.7719038943725157]",0.7776956544787493,"[0.7859226146607088, 0.7742178474173287, 0.7770579586082671, 0.7761423665108433, 0.7751374851965991]",0.7753725766560595,"[0.7833120101442601, 0.771148157907291, 0.7762455662801813, 0.7734587870199918, 0.7726983619285732]",0.7776411604025808,"[0.7859174201395553, 0.774187805647446, 0.7768386149952324, 0.7761382831607481, 0.7751236780699224]",0.7776956544787493,"[0.7859226146607088, 0.7742178474173287, 0.7770579586082671, 0.7761423665108433, 0.7751374851965991]",LogisticRegression
28,flight,target3,Class,0.5082980260731591,"[0.44218186946028876, 0.7748900124375012, 0.44426355574283605, 0.44044295348554985, 0.43971173923961987]",0.4753693921682623,"[0.4742969806551159, 0.47614527071577806, 0.4786097544134659, 0.47499058104287545, 0.472804374014076]",0.4573713696182196,"[0.4565110757708662, 0.45802723487290686, 0.46064496165645646, 0.456277479431316, 0.4553960963595524]",0.0128758749435457,"[0.0, 0.06437937471772864, 0.0, 0.0, 0.0]",0.7899975456164678,"[0.7894834749737877, 0.790110698406021, 0.7929297656491583, 0.7891804110021156, 0.7882833780512568]",LogisticRegression
29,flight,target2,Customer Type,0.7919388123715343,"[0.7675367500764141, 0.8060179668428151, 0.8142576238660109, 0.7831296370005627, 0.7887520840718689]",0.6688190993065775,"[0.6964556200156822, 0.6508372211007956, 0.669449629166011, 0.6593642968344577, 0.6679887294159406]",0.701431743630716,"[0.7219935912115845, 0.6858063247149448, 0.7059499299292816, 0.692028685838934, 0.7013801864588348]",0.5985674190684239,"[0.6499992544423772, 0.5643118114631726, 0.5965512037567727, 0.5838571369212205, 0.5981176887585766]",0.6688190993065775,"[0.6964556200156822, 0.6508372211007956, 0.669449629166011, 0.6593642968344577, 0.6679887294159406]",LogisticRegression
