,cap-shape_c,cap-shape_f,cap-shape_k,cap-shape_s,cap-shape_x,cap-surface_g,cap-surface_s,cap-surface_y,cap-color_c,cap-color_e,cap-color_g,cap-color_n,cap-color_p,cap-color_w,cap-color_y,bruises_t,odor_c,odor_f,odor_l,odor_m,odor_n,odor_p,gill-attachment_f,gill-spacing_w,gill-size_n,gill-color_h,gill-color_k,gill-color_n,gill-color_p,gill-color_r,gill-color_u,gill-color_w,gill-color_y,stalk-shape_t,stalk-root_c,stalk-root_e,stalk-root_r,stalk-surface-above-ring_k,stalk-surface-above-ring_s,stalk-surface-above-ring_y,stalk-surface-below-ring_k,stalk-surface-below-ring_s,stalk-surface-below-ring_y,stalk-color-above-ring_c,stalk-color-above-ring_g,stalk-color-above-ring_n,stalk-color-above-ring_p,stalk-color-above-ring_w,stalk-color-above-ring_y,stalk-color-below-ring_c,stalk-color-below-ring_g,stalk-color-below-ring_n,stalk-color-below-ring_p,stalk-color-below-ring_w,stalk-color-below-ring_y,veil-color_y,ring-number_o,ring-number_t,ring-type_l,ring-type_n,ring-type_p,spore-print-color_k,spore-print-color_n,spore-print-color_r,spore-print-color_u,spore-print-color_w,t1,t2,t3
cap-shape_c,1.0,-0.023173117336087172,-0.002133721294940453,-0.002010974676228096,-0.026801593073640145,0.24946808510638285,-0.014277114532663282,0.019444234645553636,-0.0023606019873444366,-0.009081876128324739,-0.01745479673139457,-0.01357462768245681,-0.0035031427434928713,0.025258785029566293,0.021366701322224825,-0.003444648651036972,-0.004997618889486844,-0.016634318606342974,-0.007355108739733578,-0.0021337212949404495,0.027068879967169814,-0.00580492526470998,0.0015063532621922607,0.056566779402003206,0.0705452194124244,-0.010183514116593706,-0.007433968324597495,-0.012237565647090552,-0.015179367975423748,-0.0017403151735123777,-0.008119287981031224,0.040928036132169034,0.1051806688918945,-0.027184269571137374,0.03587892333119958,-0.013250679721106492,-0.0049976188894868484,-0.014801413109027104,-0.009116833438206743,0.2028917439786514,-0.014539456643464,-0.0070480850687226464,0.05871490396091987,-0.0021337212949404495,-0.008978078167869415,-0.007819786204521869,-0.012417923957854377,-0.0029817298885103124,0.35292632271275676,-0.0021337212949404495,-0.008978078167869441,-0.008266316182290649,-0.012417923957854361,-0.0025214653806025513,0.35292632271275676,0.35292632271275676,0.004489993285047318,-0.003925131686697298,-0.014539456643464,-0.0021337212949404495,-0.006467732602837055,-0.0187610665430709,-0.019122128040292903,-0.0030272698670044283,-0.002466449395747163,0.16228670701306824,0.0338730500280708,-0.054379293976211406,0.012733537283134993
cap-shape_f,-0.023173117336087172,1.0,-0.06971741324152965,-0.06570677850630827,-0.8757178101362224,-0.009728516776375418,-0.07813104407756367,0.007618761293475405,-0.012040113361789916,0.04524373909505395,0.06024161059028586,0.055209194479736746,-0.0701895667579121,-0.09980141210583478,-0.05232157097130471,-0.027408479217405565,-0.1632926765872448,0.08715847548403173,-0.13993195109722809,-0.015785795871026315,0.1143807886390236,0.03041593998193275,0.01114437258652552,0.009988292300302145,-0.08159657702012928,0.053358336249131236,-0.05499832933290615,-0.02263814153557496,0.05624858719675328,0.009118691361798657,0.011759171088898542,-0.014486166936578143,-0.014238938661113275,0.14243682287435813,-0.2708369676176107,0.05507548906755081,0.026185914419829485,0.0724989881473511,-0.08761800729239416,-0.023872266359991224,0.0761820730623304,-0.09556972316520591,0.009377668569442962,-0.015785795871026315,0.047042239866054644,0.03567891987108734,0.0650659246379056,-0.11614675644586962,-0.013763081758018832,-0.015785795871026315,0.04704223986605468,0.028147969698598577,0.06506592463790561,-0.11257552709138119,-0.013763081758018832,-0.013763081758018832,-0.0017014287707891598,0.010645323071517726,0.0761820730623304,-0.015785795871026315,-0.09792404805137307,-0.04152681111130062,-0.038763010119599824,0.0158619197293865,0.012923400968757725,-0.026360772947394064,0.031649413059612524,0.09103743593982105,-0.031787760204267324
cap-shape_k,-0.002133721294940453,-0.06971741324152965,1.0,-0.0060501118812579585,-0.0806338531301718,0.08149629945953109,-0.032264268926147484,0.04938679629735596,0.29656155508023774,0.0018174195952634607,-0.05251357679333331,0.047170948784809597,-0.01053936968211966,-0.022165491055101814,-0.027025114711922087,-0.08217549155696201,-0.015035571446377552,-0.050045129770421255,-0.02212819052384673,0.32905373276271993,0.02801679161128661,-0.01746439064051785,-0.23230361198483787,0.07778194415549189,0.10446760554172038,-0.03063758110834276,-0.02236544329335013,-0.036817291731394676,-0.04566784237698724,-0.005235820039340202,-0.024427259707481348,0.13495189662516358,0.24500698571322801,-0.08178515336858591,0.07807029342799361,-0.039865293065638345,-0.01503557144637757,0.01836503295672131,-0.06506664592311015,0.19997923761368805,-0.04374263904240177,-0.058039882221991704,0.17664654968563542,0.32905373276271993,-0.02701097036993628,0.009405809915669187,-0.03735990819083332,-0.008970674588013549,0.1152940636502044,0.32905373276271993,-0.027010970369936372,0.13234817216104097,-0.03735990819083329,-0.07912326686539231,0.1152940636502044,0.1152940636502044,-0.20370292880626167,0.04990371948928975,-0.04374263904240177,0.32905373276271993,-0.07442526850809686,-0.0564435509502308,-0.057529821443852755,-0.00910768375487004,-0.0074204289940242,0.4882471897217595,0.01029734588273941,-0.05639571658243222,0.004880485973232935
cap-shape_s,-0.002010974676228096,-0.06570677850630827,-0.0060501118812579585,1.0,-0.07599522818466127,-0.002010974676228098,-0.040482391242459316,-0.06080310632709381,-0.0066934262522567655,-0.025751426298449228,0.0328589024091822,0.054825826455379305,-0.009933071195570723,-0.032454253017303425,-0.03622733711577881,-0.08590830175991553,-0.01417061988975814,-0.04716618279786859,-0.020855221757276,-0.006050111881257947,0.07675311330024934,-0.01645971636366702,0.004271225951848049,-0.035550453773171196,0.20002915617194952,-0.028875092494908588,0.051818780787259114,0.015057522661219343,0.0008396669851960953,-0.004934618937050345,-0.023022032351588388,-0.034314258012870046,-0.004723697495976749,-0.0770802975560345,-0.024962035842708678,0.15176388823472256,-0.014170619889757805,-0.04196902637784824,0.05396372362537706,-0.004934618937050344,-0.04122625555373275,0.05812713914727552,-0.016324560080936926,-0.006050111881257947,-0.025457109849862304,-0.02217280276344397,-0.03521070416090561,0.06752924544596561,-0.0028449566895380773,-0.006050111881257947,-0.02545710984986233,-0.023438927036676258,-0.035210704160905645,0.06870018979905097,-0.0028449566895380773,-0.0028449566895380773,0.012731260537656901,-0.011129609996160328,-0.04122625555373275,-0.006050111881257947,0.059367983531498164,0.02699609818702826,0.02547224627625674,-0.008583745887322575,-0.0069935538578143035,-0.012391493507020018,-0.05936798353149739,0.04473072247406077,0.17788212916555277
cap-shape_x,-0.026801593073640145,-0.8757178101362224,-0.0806338531301718,-0.07599522818466127,1.0,-0.026801593073640124,0.020407789097465323,-0.03125158274265861,-0.024740581813534637,-0.0044951907651271245,0.014369502237972209,-0.019016403344448336,0.053971596411851855,0.012887568137843131,-0.006694750922565965,-0.03584219972969615,0.18646723259156014,-0.0039841795525310236,-0.001761663614900606,-0.027218657465067485,-0.05731090311858028,-0.0013903704197891316,0.019215683680065525,0.026422106805187216,0.06623074378388294,-0.0024391109534695776,-0.0072540995969274085,0.015748973791618135,0.012838187046941691,-0.06576693893150791,0.028543823055880872,-0.03394659677340954,-0.028833940067555835,-0.006511057864099206,-0.01399983096428143,-0.017390108082688965,-0.0011970079124986547,-0.008552412135879855,0.018042374486090345,-0.043983570191517836,-0.0034824273380041834,0.01810644420734143,-0.025399985185450048,-0.027218657465067485,-0.0021503901845306168,-0.007116509084578415,-0.002974287068115433,0.015688511346752542,-0.037916624414260525,-0.027218657465067485,-0.002150390184530536,-0.01699956746895266,-0.00297428706811542,0.021465008563087376,-0.037916624414260525,-0.037916624414260525,0.10050768385405791,-0.09920117210974459,-0.0034824273380041834,-0.027218657465067485,0.01814288370345713,0.02561291631323282,0.025338696096047254,-0.11440127369035877,-0.0005907532182371029,-0.05870450871063121,0.028534465867964133,-0.003422894417259752,-0.04751553009379831
cap-surface_g,0.24946808510638285,-0.009728516776375418,0.08149629945953109,-0.002010974676228098,-0.026801593073640124,1.0,-0.014277114532663298,-0.02144371630061049,-0.002360601987344436,-0.009081876128324723,-0.017454796731394537,-0.013574627682456836,-0.003503142743492866,0.06196336348138711,-0.012776464663799272,0.023408385860636368,-0.0049976188894868415,-0.016634318606342978,-0.0073551087397335764,-0.002133721294940451,0.02706887996716984,-0.0058049252647099855,0.0015063532621921636,0.05656677940200319,0.0705452194124243,-0.010183514116593724,-0.007433968324597499,-0.012237565647090538,-0.015179367975423737,-0.0017403151735123769,-0.008119287981031224,0.05860463820822982,-0.001665928520965933,-0.027184269571137367,-0.008803478098917447,-0.01325067972110651,-0.004997618889486846,-0.014801413109027111,0.019031639168597948,-0.001740315173512379,-0.014539456643464007,0.020499970421492646,-0.005757259065428736,-0.002133721294940451,-0.0089780781678694,-0.007819786204521862,-0.012417923957854383,0.023815855287845824,-0.001003344201031292,-0.002133721294940451,-0.008978078167869425,-0.008266316182290649,-0.012417923957854357,0.024228817717368727,-0.001003344201031292,-0.001003344201031292,0.004489993285047352,-0.003925131686697298,-0.014539456643464007,-0.002133721294940451,0.020937584822396826,-0.018761066543070908,-0.01912212804029291,-0.003027269867004429,-0.002466449395747162,0.1622867070130683,0.03387305002807077,-0.05437929397621142,0.01273353728313501
cap-surface_s,-0.014277114532663282,-0.07813104407756367,-0.032264268926147484,-0.040482391242459316,0.020407789097465323,-0.014277114532663298,1.0,-0.43167769501795544,-0.02816952506385176,-0.18282480977432963,-0.11008838827958697,-0.058740594693521435,0.08742343660688441,0.33724299074005226,-0.09136832586726976,0.052499741498578986,0.12471915938395131,-0.0621401511979261,0.1039642330048555,-0.04295337046519286,-0.14955976131513282,0.14486606828389686,0.030323993051865603,0.27755825964777625,0.1478735280475762,0.03987226659531897,0.16580405037829635,0.013822877689220033,-0.04447738996669524,0.043430811813240676,-0.1268402208460788,0.03201957892098586,-0.03353635973885595,0.06558184441196188,0.18828636040124175,0.27947225472630627,-0.10060572395888576,-0.29796327298601,0.07371228728335685,0.017275935386231525,-0.29268989771541365,0.10987066550753107,-0.09941692459241878,-0.04295337046519286,-0.18073528090308386,-0.14482635987339915,-0.24998189287190864,0.47258036591143676,-0.020198052704068263,-0.04295337046519286,-0.18073528090308386,-0.15438444847579438,-0.24998189287190908,0.48090569344765766,-0.020198052704068263,-0.020198052704068263,-0.0653345723284674,0.09795447297232107,-0.29268989771541365,-0.04295337046519286,0.08522126444582567,0.012727475224147045,0.02457826833384053,0.07554768808710177,0.06155201148846018,-0.024071310606673727,0.05839303744049432,-0.3914445522624099,0.19668763146621357
cap-surface_y,0.019444234645553636,0.007618761293475405,0.04938679629735596,-0.06080310632709381,-0.03125158274265861,-0.02144371630061049,-0.43167769501795544,1.0,0.044098919613408456,0.0815862622876228,-0.040427276814607546,0.023446313657431005,-0.06103904649294286,-0.13811091147524163,0.13079568795382038,0.17819173722094586,-0.15110620551906595,0.020142685702111203,0.09422773063588334,0.09950333538406789,-0.09569965355367129,0.04759477906444467,-0.07024683786500563,-0.34520426664625636,-0.123944202084779,-0.07306504012829848,-0.0903133083798418,-0.010558568895495538,-0.013809606711195794,0.014268903113942365,0.035364098868763946,0.07899988476354408,0.07768842385396157,-0.1950426664443034,0.0989566118805619,-0.28423465498458433,0.2330574989627399,0.13673262538876588,0.029511264357210017,0.03656505183351334,0.11920949798779534,-0.05852298781275027,0.2544329163425198,0.09950333538406789,0.07361156730489075,0.06411469222489766,0.10181497956678408,-0.211325858176526,0.04678966028862855,0.09950333538406789,0.07361156730489044,0.06777580665246113,0.10181497956678401,-0.21468340466088964,0.04678966028862855,0.04678966028862855,-0.07663778279734394,0.03218228778291501,0.11920949798779534,0.09950333538406789,0.0985657859206743,-0.01257941186327501,-0.02695521267666195,0.024820688280769207,-0.07457467596822265,0.0857669498951885,0.008930513925310492,0.2230936793627802,-0.014511190117274789
cap-color_c,-0.0023606019873444366,-0.012040113361789916,0.29656155508023774,-0.0066934262522567655,-0.024740581813534637,-0.002360601987344436,-0.02816952506385176,0.044098919613408456,1.0,-0.030228559720648564,-0.05809739727248076,-0.04518245324938246,-0.01166003126835912,-0.03809673740602421,-0.04252580850600665,-0.06834285066569708,-0.016634318606342957,-0.055366477839957864,-0.024481102874490845,0.29656155508023796,0.041741578616489035,-0.01932139654392705,-0.20936495642387315,0.08372923295195327,0.11286596734366063,-0.033895305363111514,-0.024743582965269652,-0.040732110719359796,-0.05052374915527909,-0.005792549954650589,-0.027024634354820228,0.1629703569324499,0.18843691266804655,-0.09048144949152873,0.05181975687640629,-0.04410420904546515,-0.01663431860634297,0.007666250359755088,-0.03886225423963644,-0.005792549954650587,-0.04839383704893187,-0.03179485324067418,0.09788760003130174,0.29656155508023796,-0.029883073523504822,-0.026027758025554168,-0.04133242412278042,0.03061836939737563,-0.0033395798040724263,0.29656155508023796,-0.0298830735235049,0.1432584313828487,-0.04133242412278039,-0.06505244425695897,-0.0033395798040724263,-0.0033395798040724263,-0.23082439818800193,0.09865752379799986,-0.04839383704893187,0.29656155508023796,-0.07957482335248577,-0.062445249462446915,-0.0636470241703801,-0.01007611276263281,-0.008209450536852184,0.5401629955634333,-0.019934844963931223,-0.029371237984836394,0.03229651944883764
cap-color_e,-0.009081876128324739,0.04524373909505395,0.0018174195952634607,-0.025751426298449228,-0.0044951907651271245,-0.009081876128324723,-0.18282480977432963,0.0815862622876228,-0.030228559720648564,1.0,-0.22351644548105368,-0.17382915281128317,-0.044859302923301037,-0.14656848205234688,-0.1636083199027053,0.2857194968547989,-0.06399673552416202,-0.21300985769727052,-0.0941854429433125,0.060098761616100664,0.33270786035251687,-0.07433465318547329,-0.04242820551530798,-0.16055140887167277,-0.1287383639028727,-0.13040443339870963,-0.09519527504689643,0.06341621683124225,-0.00025223124172613976,-0.022285510830417618,0.19542322790000674,0.07600773195436014,0.03451268677206846,0.32016342097078726,-0.08937825151541488,-0.16968085489890314,-0.06399673552416188,-0.17314847468958153,0.2289962180853069,-0.0222855108304176,-0.18618421733481394,0.24811267444452892,-0.040026520984295155,0.060098761616100664,0.25287809652598464,-0.10013584481982465,0.1317157719065472,-0.15723615886721254,-0.0128482693244532,0.060098761616100664,0.25287809652598553,-0.1058538600432332,0.131715771906547,-0.15113211766377377,-0.0128482693244532,-0.0128482693244532,0.015043527889286477,-0.05026305926998559,-0.18618421733481394,0.060098761616100664,0.2537911268169078,0.11452753159246387,0.10769166785413145,-0.03876553881419352,-0.031583982923429205,-0.012408545429686916,-0.25379112681690835,0.1836770193332283,-0.2637979830602116
cap-color_g,-0.01745479673139457,0.06024161059028586,-0.05251357679333331,0.0328589024091822,0.014369502237972209,-0.017454796731394537,-0.11008838827958697,-0.040427276814607546,-0.05809739727248076,-0.22351644548105368,1.0,-0.33408873733132133,-0.08621676875730648,-0.2816954366371309,-0.31444493704997034,-0.21570761948304362,0.013440788018669426,0.2305168448726537,-0.18101851846498787,-0.05251357679333329,0.041605683292245885,-0.142866544656394,0.03707325689610463,-0.019763200836946913,-0.11643236606751886,0.1107930581896296,-0.06954469097767045,-0.06079715051105513,0.06118503185310007,-0.04283135511913054,0.021836324663559576,-0.10904738492220495,-0.04100060562051532,0.048372096537771976,-0.21666471825170236,-0.03154578659778649,-0.12299771481832791,0.22546998582873679,-0.2047701058329185,-0.042831355119130526,0.23757165745429398,-0.1542738124760396,-0.1416934192710216,-0.05251357679333329,0.0241459879470257,0.11633692730517768,0.10604396375300017,-0.21648806249282604,-0.024693568403680807,-0.05251357679333329,0.024145987947025688,0.09139059348181976,0.1060439637530003,-0.20490776985592668,-0.024693568403680807,-0.024693568403680807,0.09164595080917662,-0.07517067987333982,0.23757165745429398,-0.05251357679333329,-0.2037201687300202,-0.07430756728677954,-0.08560968768032061,-0.07450493605328974,-0.06070243571996273,-0.08820796728011088,0.1273640005631862,0.11832638277040662,-0.048435227222205585
cap-color_n,-0.01357462768245681,0.055209194479736746,0.047170948784809597,0.054825826455379305,-0.019016403344448336,-0.013574627682456836,-0.058740594693521435,0.023446313657431005,-0.04518245324938246,-0.17382915281128317,-0.33408873733132133,1.0,-0.06705094043059673,-0.21907506177476285,-0.24454440878188957,0.13365271474400398,-0.0956555501702723,-0.3183846013837836,-0.05886570495879944,0.02516823515328365,0.3113836399063573,0.15826147833267823,-0.017768137392951504,0.07819425873932695,0.0726400937008093,-0.11090567512352696,0.0403393322879051,0.09356298713024208,-0.0014572129396644734,-0.03331002404809071,0.0706532006029744,0.07298639048903464,0.01028010205432123,0.20852255195150726,-0.15086691851175674,0.22071376140067922,0.13625163417724304,-0.27092692013323283,0.20874916775749267,0.0743656779721985,-0.2782884720027498,0.15319731324380845,0.1527213498903021,0.02516823515328365,0.10590060805471968,-0.12375348731185006,-0.018163545761228778,0.09274861998189357,-0.019204233792556154,0.02516823515328365,0.10590060805471979,-0.09635039475173855,-0.018163545761228986,0.08018006282122,-0.019204233792556154,-0.019204233792556154,-0.010222777383326604,-0.002271909117281326,-0.2782884720027498,0.02516823515328365,0.13757683558110478,0.1543278284916768,0.1442154132872819,-0.0579426264878571,-0.047208396465292964,0.08077929877989103,-0.2745711298682867,-0.024356043332097344,-0.056650949092701165
cap-color_p,-0.0035031427434928713,-0.0701895667579121,-0.01053936968211966,-0.009933071195570723,0.053971596411851855,-0.003503142743492866,0.08742343660688441,-0.06103904649294286,-0.01166003126835912,-0.044859302923301037,-0.08621676875730648,-0.06705094043059673,1.0,-0.05653570992067222,-0.06310846905901878,-0.06122751136078094,0.45907977664249655,-0.08216407345144969,-0.03633005409097012,-0.010539369682119654,-0.0417089582448716,-0.028673029362798013,0.007440528404415313,0.05184968636936934,0.21574946947274973,-0.05030076804893143,-0.03671957559025421,-0.0026619444013224838,-0.024017341425558874,0.15986483139486535,0.03848933814813625,-0.0015676209395062083,-0.008228739427253459,-0.1342748311262503,-0.04348417499180679,-0.06545082174099266,-0.024685395009902696,-0.07311056272612312,0.09400547359685052,-0.008596167184787397,-0.07181664676918088,0.10125819489965725,-0.02843758544762593,-0.010539369682119654,-0.04434660003183968,-0.03862529649023138,-0.06133748188510748,0.11763678029068811,-0.004955949719466473,-0.010539369682119654,-0.044346600031839635,-0.040830900624666946,-0.061337481885107376,0.11967657982771629,-0.004955949719466473,-0.004955949719466473,-0.24528503517428393,0.2845715547014691,-0.07181664676918088,-0.010539369682119654,0.10341976115495302,0.0004620249223431501,-0.0019021671372323888,0.2780841046732262,-0.012182857267094685,0.04701304596658548,0.14475248882742628,-0.0004590151215540179,-0.033149959402147204
cap-color_w,0.025258785029566293,-0.09980141210583478,-0.022165491055101814,-0.032454253017303425,0.012887568137843131,0.06196336348138711,0.33724299074005226,-0.13811091147524163,-0.03809673740602421,-0.14656848205234688,-0.2816954366371309,-0.21907506177476285,-0.05653570992067222,1.0,-0.20619385304409873,0.06259999454271854,0.09177494901414772,-0.16410458254788712,0.17059481534875917,-0.03443520775920093,-0.14148564108875586,0.20674175671735126,0.02431038564658695,0.23361936749389295,0.20432639670044267,-0.023805463540804015,0.18177819501334364,0.0496588391692488,-0.0633351815309315,0.03195868669650522,-0.10302027307178309,0.012167520650887416,-0.02688570192717753,-0.04791523363073555,0.2774793764316569,0.2563942276976315,-0.08065441591123455,-0.2388736226927578,0.1254329928072853,-0.02808619603154924,-0.23464602027021045,0.1530057068037364,-0.09291392109723177,-0.03443520775920093,-0.14489333153398418,-0.12620015707944615,-0.20040751922036212,0.38435381731658,-0.016192539343553886,-0.03443520775920093,-0.144893331533984,-0.13340651181360946,-0.2004075192203621,0.39101843986643287,-0.016192539343553886,-0.016192539343553886,0.0009627826845714797,0.017909643933526516,-0.23464602027021045,-0.03443520775920093,0.08057459416961824,0.062366837252810524,0.07900373600746587,0.05559198166967974,0.08784231625360833,-0.046077285222876636,-0.016242579812095703,-0.3453247000437881,0.12725191697963162
cap-color_y,0.021366701322224825,-0.05232157097130471,-0.027025114711922087,-0.03622733711577881,-0.006694750922565965,-0.012776464663799272,-0.09136832586726976,0.13079568795382038,-0.04252580850600665,-0.1636083199027053,-0.31444493704997034,-0.24454440878188957,-0.06310846905901878,-0.20619385304409873,1.0,-0.17932803088941862,-0.0900311806139767,0.3555416377056093,0.22158772040446667,-0.038438594765355744,-0.46472828196084676,-0.10457465575399325,0.02713667560809166,-0.1598474578129796,-0.10411190735551505,0.11069788657989679,-0.02164388935620853,-0.08634448980866365,0.0053347144011975395,-0.03135145619873896,-0.14626747233864615,-0.07809022944772313,-0.0008474291807602634,-0.4460962116931504,0.2438795708331538,-0.23870854613153158,0.15056350848890468,0.42666431174016906,-0.2871688648937199,0.024503221448256708,0.43803092075854994,-0.33751006481459006,0.12505530431740974,-0.038438594765355744,-0.16173841882946088,0.22214211379650375,0.032502826533765954,-0.170746475055597,0.07853065988388465,-0.038438594765355744,-0.1617384188294611,0.19769056706652094,0.03250282653376634,-0.16224831605612233,0.07853065988388465,0.07853065988388465,0.08088639917141613,-0.07071052187714394,0.43803092075854994,-0.038438594765355744,-0.23620027490313675,-0.1681460375175635,-0.15269516735917799,-0.05453570714182856,0.07430684146708959,-0.05598309160033344,0.23620027490313714,0.07492128332321688,0.1543291100016248
bruises_t,-0.003444648651036972,-0.027408479217405565,-0.08217549155696201,-0.08590830175991553,-0.03584219972969615,0.023408385860636368,0.052499741498578986,0.17819173722094586,-0.06834285066569708,0.2857194968547989,-0.21570761948304362,0.13365271474400398,-0.06122751136078094,0.06259999454271854,-0.17932803088941862,1.0,-0.21349694589112203,-0.4815876452420521,0.24276142503153994,-0.09115200456980344,0.19579677776365678,0.19159634198877173,0.06435100955530869,-0.43918287005476125,-0.04017780986071751,-0.33221670243978446,-0.052663546473521464,0.15528505412998125,-0.07704765744004442,0.05744053643198428,0.2065000298799005,0.3178434469028021,-0.07116802204492717,0.34829416177542794,0.23780971014571856,-0.33671347878293567,0.16495052980281574,-0.6323124198801405,0.7042581349750181,-0.07434579999977264,-0.6211217095457046,0.6273737985888517,0.0862203056629421,-0.09115200456980344,0.2963288684370253,-0.3340591808028772,0.006854865171625807,0.18901934973824028,-0.04286259663544416,-0.09115200456980344,0.29632886843702644,-0.35313482234549504,0.006854865171625186,0.2081232329286687,-0.04286259663544416,-0.04286259663544416,-0.034860180450432536,0.08992116793838897,-0.6211217095457046,-0.09115200456980344,0.8944480387093084,0.21851639952800375,0.2329322979784501,0.09991753662307469,0.08140719481755142,-0.09725090651661135,-0.43556194663358344,0.19629556172444532,-0.11436721877732743
odor_c,-0.004997618889486844,-0.1632926765872448,-0.015035571446377552,-0.01417061988975814,0.18646723259156014,-0.0049976188894868415,0.12471915938395131,-0.15110620551906595,-0.016634318606342957,-0.06399673552416202,0.013440788018669426,-0.0956555501702723,0.45907977664249655,0.09177494901414772,-0.0900311806139767,-0.21349694589112203,1.0,-0.11721609868193072,-0.05182882282441022,-0.015035571446377561,-0.18462599470492083,-0.04090523385851349,0.010614733119494076,0.15512843532102893,0.49710695074892036,-0.07175958473972675,-0.052384518137226097,0.03742054068116515,0.002086717269839453,-0.012263379098576504,0.1109707793914517,-0.0852768491075684,-0.011739202941329055,-0.19155783293892237,-0.06203496410087049,-0.09337280465456603,-0.035216434336023554,-0.10430026866012862,0.13410915996370418,-0.012263379098576515,-0.10245435506159345,0.1444559655714462,-0.04056934718644897,-0.015035571446377561,-0.06326530839067691,-0.05510323885892859,-0.08750467238937731,0.16782182124071052,-0.0070702080237408016,-0.015035571446377561,-0.06326530839067701,-0.058249776037711885,-0.08750467238937806,0.1707318199029003,-0.0070702080237408016,-0.0070702080237408016,0.031639378109580805,-0.027659000288238093,-0.10245435506159345,-0.015035571446377561,0.14753967786618805,0.06708995982733625,0.06330292502074397,-0.02133208890999109,-0.01738018746711066,-0.03079499844115022,0.2386912784773953,-0.030080729135430914,-0.14516403488905877
odor_f,-0.016634318606342974,0.08715847548403173,-0.050045129770421255,-0.04716618279786859,-0.0039841795525310236,-0.016634318606342978,-0.0621401511979261,0.020142685702111203,-0.055366477839957864,-0.21300985769727052,0.2305168448726537,-0.3183846013837836,-0.08216407345144969,-0.16410458254788712,0.3555416377056093,-0.4815876452420521,-0.11721609868193072,1.0,-0.17250958324704646,-0.050045129770421186,-0.6145181709223895,-0.1361509766382661,0.03533059573678204,-0.2940651524126532,-0.2357965393671064,0.38525314531645233,-0.1743591866453516,-0.2870246279750355,0.12793497707498813,-0.040818029471037694,-0.19043294061770527,-0.18333201282293435,-0.03907333596832887,-0.41040859356378534,-0.20648020195331104,-0.3107865998064053,-0.11721609868193103,0.8563801884605947,-0.7539976778682407,-0.04081802947103769,0.8740638548259998,-0.6939544710355422,-0.13503299504697314,-0.050045129770421186,-0.2105753399309578,0.4467600133393426,0.15350768215666327,-0.4699025582149194,-0.023532825427611405,-0.050045129770421186,-0.21057533993095884,0.40780478650453206,0.1535076821566633,-0.4584013271584725,-0.023532825427611405,-0.023532825427611405,0.10531005016978383,-0.09206156637820906,0.8740638548259998,-0.050045129770421186,-0.5607353428426859,-0.44002935716386143,-0.4484978340574587,-0.07100276577993771,-0.057849064156145366,-0.10249957567383186,0.794471699933089,0.2845250565385248,0.26311968533000013
odor_l,-0.007355108739733578,-0.13993195109722809,-0.02212819052384673,-0.020855221757276,-0.001761663614900606,-0.0073551087397335764,0.1039642330048555,0.09422773063588334,-0.024481102874490845,-0.0941854429433125,-0.18101851846498787,-0.05886570495879944,-0.03633005409097012,0.17059481534875917,0.22158772040446667,0.24276142503153994,-0.05182882282441022,-0.17250958324704646,1.0,-0.022128190523846743,-0.27171825168437364,-0.06020115773263587,0.015621942781864831,-0.04402573164269588,-0.003957175430319317,-0.10561020368902328,0.09354251574202212,0.07691083422194034,-0.08038466227174215,-0.01804829235305449,-0.084202726845472,0.07981318404757949,-0.01727685044830243,-0.21562180933737154,0.5018382895351708,-0.13741886821600874,0.3138235222018043,-0.15350106411524325,0.1973714835683777,-0.018048292353054513,-0.15078439132734045,0.07546661027676123,0.2612315784418081,-0.022128190523846743,-0.09310898508989532,-0.08109668277657485,-0.12878260525478405,0.24698716957433164,-0.010405385039772423,-0.022128190523846743,-0.09310898508989482,-0.0857275127008515,-0.12878260525478422,0.25126988041446535,-0.010405385039772423,-0.010405385039772423,0.0465643882815978,-0.04070637622653983,-0.15078439132734045,-0.022128190523846743,0.21713748049373688,0.06354141915354358,0.09316434633505587,-0.03139491766943429,0.15487972448922846,-0.045321695628103995,-0.21713748049373607,-0.13989179985234867,0.11131392159112083
odor_m,-0.0021337212949404495,-0.015785795871026315,0.32905373276271993,-0.006050111881257947,-0.027218657465067485,-0.002133721294940451,-0.04295337046519286,0.09950333538406789,0.29656155508023796,0.060098761616100664,-0.05251357679333329,0.02516823515328365,-0.010539369682119654,-0.03443520775920093,-0.038438594765355744,-0.09115200456980344,-0.015035571446377561,-0.050045129770421186,-0.022128190523846743,1.0,-0.07882562180364713,-0.017464390640517812,-0.7059747052082569,-0.037720395566039386,-0.030246150096524545,-0.030637581108342773,-0.022365443293350107,-0.036817291731394655,-0.04566784237698722,-0.005235820039340195,-0.024427259707481327,0.06995303277662471,0.6378940014436761,-0.08178515336858587,0.24237253401048686,-0.03986529306563831,-0.015035571446377566,0.1441565936457198,-0.1121144256697067,-0.005235820039340195,-0.04374263904240179,-0.1040841157850359,0.3706140840097065,1.0,-0.027010970369936303,-0.023526194528522535,-0.037359908190833346,-0.0895924697707316,-0.003018608211932624,1.0,-0.027010970369936372,-0.024869600965098788,-0.0373599081908333,-0.08806543182711185,-0.003018608211932624,-0.003018608211932624,-0.4752170347439481,-0.011808943262145688,-0.04374263904240179,1.0,-0.10190866391896408,-0.056443550950230716,-0.05752982144385273,-0.00910768375487004,-0.007420428994024203,0.4882471897217591,0.10190866391896378,-0.16360266316082547,-0.061977433524161185
odor_n,0.027068879967169814,0.1143807886390236,0.02801679161128661,0.07675311330024934,-0.05731090311858028,0.02706887996716984,-0.14955976131513282,-0.09569965355367129,0.041741578616489035,0.33270786035251687,0.041605683292245885,0.3113836399063573,-0.0417089582448716,-0.14148564108875586,-0.46472828196084676,0.19579677776365678,-0.18462599470492083,-0.6145181709223895,-0.27171825168437364,-0.07882562180364713,1.0,-0.21445014613646546,0.05564889511568741,0.3019592037242847,-0.19978491079156904,-0.17223868138420897,0.020973302421730677,0.1532122843587663,-0.026954352500038952,0.06642281937695982,0.24890594368740357,0.08362565867349907,-0.03879355147315168,0.7653042175294549,-0.3157109808146361,0.27825288803478043,-0.18462599470492155,-0.5468055245351415,0.3794294880459653,0.06642281937695972,-0.5371281213370481,0.4405773668567255,-0.1715056783583093,-0.07882562180364713,0.3426673935693156,-0.2679081824697275,0.07422389578061644,0.041053528480950875,0.03829475927829543,-0.07882562180364713,0.34266739356931475,-0.22526695520115048,0.07422389578061632,0.023614973873926463,0.03829475927829543,0.03829475927829543,-0.09354480738841187,0.1498109750603872,-0.5371281213370481,-0.07882562180364713,0.17245433372018074,0.282473716949332,0.2630516256590453,0.11554217456802426,-0.09111752679603191,0.08695381454314507,-0.7093042610315531,-0.060605736171758844,-0.38840910068886975
odor_p,-0.00580492526470998,0.03041593998193275,-0.01746439064051785,-0.01645971636366702,-0.0013903704197891316,-0.0058049252647099855,0.14486606828389686,0.04759477906444467,-0.01932139654392705,-0.07433465318547329,-0.142866544656394,0.15826147833267823,-0.028673029362798013,0.20674175671735126,-0.10457465575399325,0.19159634198877173,-0.04090523385851349,-0.1361509766382661,-0.06020115773263587,-0.017464390640517812,-0.21445014613646546,1.0,0.012329418034081392,-0.10262074889320123,0.5774087143250851,-0.08335149911431344,0.14958127187490747,0.04346538758210627,0.002423801828002445,-0.014244383322184997,-0.06645592250488762,0.0456296910405627,-0.013635532690384058,-0.2225017410630179,-0.07205598073155503,0.4380850935113614,-0.04090523385851368,-0.12114874664310162,0.15577291268447968,-0.01424438332218499,-0.11900464747876766,0.16779112267799645,-0.047122846632187125,-0.017464390640517812,-0.07348507262714106,-0.0640045170495961,-0.1016400199306569,0.1949314566861428,-0.00821231672349118,-0.017464390640517812,-0.0734850726271411,-0.06765934019025062,-0.10164001993065691,0.19831153130326587,-0.00821231672349118,-0.00821231672349118,0.03675034639683702,-0.03212698549454622,-0.11900464747876766,-0.017464390640517812,0.1713729723157334,0.07792755138438986,0.073528765780035,-0.02477803622103764,-0.02018775172021741,-0.035769567154027807,0.27724903870003514,-0.034939916068128865,0.24064173240108067
gill-attachment_f,0.0015063532621922607,0.01114437258652552,-0.23230361198483787,0.004271225951848049,0.019215683680065525,0.0015063532621921636,0.030323993051865603,-0.07024683786500563,-0.20936495642387315,-0.04242820551530798,0.03707325689610463,-0.017768137392951504,0.007440528404415313,0.02431038564658695,0.02713667560809166,0.06435100955530869,0.010614733119494076,0.03533059573678204,0.015621942781864831,-0.7059747052082569,0.05564889511568741,0.012329418034081392,1.0,0.0266296451400735,0.021353016898078607,0.02162935729125633,0.015789437235874823,0.02599207667663772,0.03224034155959068,0.003696356508796679,0.01724502747103464,-0.0493850716929011,-0.45033702962331484,0.05773824953979945,-0.17110887824863172,0.028143888520054772,0.01061473311949409,-0.10177090870286364,0.07914994861176419,0.003696356508796998,0.03088119670299076,0.07348075295820279,-0.26164416870478074,-0.7059747052082569,0.019069061844304735,0.01660889824694583,0.026375150171631084,0.0632500174352719,0.0021310610425585583,-0.7059747052082569,0.019069061844304788,0.017557309209982636,0.02637515017163106,0.06217196727318316,0.0021310610425585583,0.0021310610425585583,0.33549120601330057,0.008336815238314603,0.03088119670299076,-0.7059747052082569,0.07194493896835806,0.039847719242996335,0.04061459873450754,0.006429794353974403,0.005238635171575039,-0.3446901658325786,-0.07194493896835782,0.11549934189624961,0.04375450036178409
gill-spacing_w,0.056566779402003206,0.009988292300302145,0.07778194415549189,-0.035550453773171196,0.026422106805187216,0.05656677940200319,0.27755825964777625,-0.34520426664625636,0.08372923295195327,-0.16055140887167277,-0.019763200836946913,0.07819425873932695,0.05184968636936934,0.23361936749389295,-0.1598474578129796,-0.43918287005476125,0.15512843532102893,-0.2940651524126532,-0.04402573164269588,-0.037720395566039386,0.3019592037242847,-0.10262074889320123,0.0266296451400735,1.0,0.17848371641105246,0.08457490633077702,0.20944955930985357,0.08418426765244252,-0.0033143127988344598,-0.03076567540012267,-0.10397845613847966,-0.10163635415887397,6.274996822407006e-05,0.3140596849733537,-0.1432875560931236,0.6510851675771685,-0.08834900877015157,-0.26166264485092783,-0.06786659705599134,0.025758241252967353,-0.2570317206877993,-0.03328498960364415,-0.08396945289011455,-0.037720395566039386,-0.15871644563790405,-0.1382399048909783,-0.21952679804525968,0.41361985368106013,0.08002588961846291,-0.037720395566039386,-0.15871644563790355,-0.06818716159337161,-0.2195267980452607,0.3765992288889908,0.08002588961846291,0.08002588961846291,0.07937509139663629,-0.06938934350146689,-0.2570317206877993,-0.037720395566039386,-0.40956632415276545,0.0901906116677031,0.12775731535366372,-0.05351674426239701,0.1967219294143621,0.10688055031111021,-0.2641598442335558,-0.59591012251571,-0.10636689367191658
gill-size_n,0.0705452194124244,-0.08159657702012928,0.10446760554172038,0.20002915617194952,0.06623074378388294,0.0705452194124243,0.1478735280475762,-0.123944202084779,0.11286596734366063,-0.1287383639028727,-0.11643236606751886,0.0726400937008093,0.21574946947274973,0.20432639670044267,-0.10411190735551505,-0.04017780986071751,0.49710695074892036,-0.2357965393671064,-0.003957175430319317,-0.030246150096524545,-0.19978491079156904,0.5774087143250851,0.021353016898078607,0.17848371641105246,1.0,-0.14435441836332447,0.07683868515118186,0.06396991829178768,-0.005773635813610014,-0.024669498344573413,-0.02282249476568284,0.05055094063608366,0.01080729842174077,-0.2823676157936071,-0.1103968353968158,0.28543820485900534,-0.0708427719285907,-0.20981454494449117,0.2335053636608667,0.041255998178519375,-0.20610123215384457,0.2550931429578129,-0.06084016278863196,-0.030246150096524545,-0.12726699615719295,-0.11084785432171489,-0.1760278593118568,0.3289637406248303,0.09980140289918994,-0.030246150096524545,-0.12726699615719286,-0.02626615601986093,-0.17602785931185716,0.2831246543313681,0.09980140289918994,0.09980140289918994,0.06364702417038033,-0.05563993874269523,-0.20610123215384457,-0.030246150096524545,0.23499321566178177,0.04384612163687339,0.09112406143218628,-0.042912473619314544,0.24533466144760263,0.15281629087297627,0.215288951619202,-0.008851112082498079,0.1697626951922442
gill-color_h,-0.010183514116593706,0.053358336249131236,-0.03063758110834276,-0.028875092494908588,-0.0024391109534695776,-0.010183514116593724,0.03987226659531897,-0.07306504012829848,-0.033895305363111514,-0.13040443339870963,0.1107930581896296,-0.11090567512352696,-0.05030076804893143,-0.023805463540804015,0.11069788657989679,-0.33221670243978446,-0.07175958473972675,0.38525314531645233,-0.10561020368902328,-0.030637581108342773,-0.17223868138420897,-0.08335149911431344,0.02162935729125633,0.08457490633077702,-0.14435441836332447,1.0,-0.1067425291399472,-0.1757162057530438,-0.21795682436276378,-0.02498875903286756,-0.1165828661178449,-0.17376635071801694,-0.023920659320794627,-0.08435513928139513,-0.12640698432858352,0.06541432165520304,-0.07175958473972674,0.3277938068270097,-0.3734125882999692,-0.024988759032867583,0.3367358492791396,-0.33853519217317,-0.08266707184160944,-0.030637581108342773,-0.12891402392495546,0.17062913728875642,0.021368408655851434,-0.11976992017563438,-0.01440677346735647,-0.030637581108342773,-0.12891402392495596,0.15143058120451092,0.021368408655851465,-0.11302525512539499,-0.01440677346735647,-0.01440677346735647,0.06447071310238409,-0.05636000385676937,0.3367358492791396,-0.030637581108342773,-0.38143982695448175,-0.16109409759018448,-0.16695378335298666,-0.04346782604978351,-0.03541514235763187,-0.0627501432743574,0.2765048306915106,-0.04210738229370093,0.10306530664415657
gill-color_k,-0.007433968324597495,-0.05499832933290615,-0.02236544329335013,0.051818780787259114,-0.0072540995969274085,-0.007433968324597499,0.16580405037829635,-0.0903133083798418,-0.024743582965269652,-0.09519527504689643,-0.06954469097767045,0.0403393322879051,-0.03671957559025421,0.18177819501334364,-0.02164388935620853,-0.052663546473521464,-0.052384518137226097,-0.1743591866453516,0.09354251574202212,-0.022365443293350107,0.020973302421730677,0.14958127187490747,0.015789437235874823,0.20944955930985357,0.07683868515118186,-0.1067425291399472,1.0,-0.12827288230082307,-0.15910854641056144,-0.018241801503337474,-0.0851055268336728,-0.12684948754710734,-0.017462088396825063,-0.022162207548133906,0.20159345547442314,0.341443418391567,-0.052384518137225826,-0.15514686305862382,0.060640899855594455,-0.018241801503337464,-0.1524010628035621,0.07899344584009273,-0.06034698695574749,-0.022365443293350107,-0.09410727568913849,-0.08196618055885173,-0.13016337923752858,0.24963530250459384,-0.010516948902880643,-0.022365443293350107,-0.09410727568913843,-0.0866466610509621,-0.130163379237529,0.2539639314692456,-0.010516948902880643,-0.010516948902880643,0.04706363968076377,-0.041142819526582185,-0.1524010628035621,-0.022365443293350107,-0.050896468629918104,0.09979645252744554,0.09416323050333676,-0.03173152590486041,-0.025853064421911844,-0.04580762319614308,-0.12934489227817017,-0.2960426224800129,0.10949294009834039
gill-color_n,-0.012237565647090552,-0.02263814153557496,-0.036817291731394676,0.015057522661219343,0.015748973791618135,-0.012237565647090538,0.013822877689220033,-0.010558568895495538,-0.040732110719359796,0.06341621683124225,-0.06079715051105513,0.09356298713024208,-0.0026619444013224838,0.0496588391692488,-0.08634448980866365,0.15528505412998125,0.03742054068116515,-0.2870246279750355,0.07691083422194034,-0.036817291731394655,0.1532122843587663,0.04346538758210627,0.02599207667663772,0.08418426765244252,0.06396991829178768,-0.1757162057530438,-0.12827288230082307,1.0,-0.2619195020336355,-0.030029081867304595,-0.1400980507424597,-0.20881565045430342,-0.02874554259054033,0.14375933451538506,0.048679916439863614,0.09921676912976177,0.07863863818399354,-0.2553979030739115,0.2336193932428867,-0.030029081867304585,-0.2508778527578598,0.19914394940392688,0.045369586513936536,-0.036817291731394655,0.06722492185752364,-0.13493015730391036,-0.038698166173905583,0.14027363701749718,-0.017312671642714758,-0.036817291731394655,0.06722492185752386,-0.14263501758594865,-0.038698166173905695,0.14787706351110713,-0.017312671642714758,-0.017312671642714758,0.07747468848887593,-0.06772801993210123,-0.2508778527578598,-0.036817291731394655,0.17673964422946062,0.14841176331142888,0.15500855862055296,-0.05223544335778545,0.03881012656633494,-0.07540707352023053,-0.25363035369443926,-0.07646994293863621,-0.0865766341401523
gill-color_p,-0.015179367975423748,0.05624858719675328,-0.04566784237698724,0.0008396669851960953,0.012838187046941691,-0.015179367975423737,-0.04447738996669524,-0.013809606711195794,-0.05052374915527909,-0.00025223124172613976,0.06118503185310007,-0.0014572129396644734,-0.024017341425558874,-0.0633351815309315,0.0053347144011975395,-0.07704765744004442,0.002086717269839453,0.12793497707498813,-0.08038466227174215,-0.04566784237698722,-0.026954352500038952,0.002423801828002445,0.03224034155959068,-0.0033143127988344598,-0.005773635813610014,-0.21795682436276378,-0.15910854641056144,-0.2619195020336355,1.0,-0.03724780702086045,-0.17377638054713676,-0.25901308223232383,-0.03565571627709838,0.03771382795518621,-0.18842003927314357,0.005532719245421013,0.03843681687161025,0.10219936811759744,-0.09413648563247423,-0.037247807020860495,0.11182333922924009,-0.10654367967742426,0.004397962509388639,-0.04566784237698722,0.00374872737940706,0.052016880869223965,0.04389425177843331,-0.0870247676273995,-0.021474484475180727,-0.04566784237698722,0.003748727379407061,0.03254423799700673,0.043894251778433375,-0.07713280407421992,-0.021474484475180727,-0.021474484475180727,0.09609891699609113,-0.08400923569636727,0.11182333922924009,-0.04566784237698722,-0.08079008507788644,-0.04115149624683765,-0.0372181609733831,-0.06479238101376292,0.01896952645726099,-0.09353426571284977,0.09435201596181898,0.07974088358137171,-0.00995624078141501
gill-color_r,-0.0017403151735123777,0.009118691361798657,-0.005235820039340202,-0.004934618937050345,-0.06576693893150791,-0.0017403151735123769,0.043430811813240676,0.014268903113942365,-0.005792549954650589,-0.022285510830417618,-0.04283135511913054,-0.03331002404809071,0.15986483139486535,0.03195868669650522,-0.03135145619873896,0.05744053643198428,-0.012263379098576504,-0.040818029471037694,-0.01804829235305449,-0.005235820039340195,0.06642281937695982,-0.014244383322184997,0.003696356508796679,-0.03076567540012267,-0.024669498344573413,-0.02498875903286756,-0.018241801503337474,-0.030029081867304595,-0.03724780702086045,1.0,-0.019923469300822498,-0.02969586071547477,-0.004087929363063906,-0.06670596750985673,-0.021602365386474195,-0.03251510615897211,-0.012263379098576516,-0.036320364590521535,0.0467006810949121,-0.004270462633451961,-0.03567756418585654,0.05030373750932075,-0.014127417886264326,-0.005235820039340195,-0.022030806786977948,-0.019188538545346568,-0.03047165309720136,0.058440403001934524,-0.0024620505436076775,-0.005235820039340195,-0.022030806786978017,-0.020284253628338772,-0.030471653097201304,0.05945374854482121,-0.0024620505436076775,-0.0024620505436076775,-0.3875986138571737,0.4433775252459675,-0.03567756418585654,-0.005235820039340195,0.05137757515399867,-0.046036737974416216,-0.046922726705499226,0.5748794293104995,-0.006052283024448107,-0.010723707477607746,0.0831191939411636,0.014117691199586897,0.03124611908631877
gill-color_u,-0.008119287981031224,0.011759171088898542,-0.024427259707481348,-0.023022032351588388,0.028543823055880872,-0.008119287981031224,-0.1268402208460788,0.035364098868763946,-0.027024634354820228,0.19542322790000674,0.021836324663559576,0.0706532006029744,0.03848933814813625,-0.10302027307178309,-0.14626747233864615,0.2065000298799005,0.1109707793914517,-0.19043294061770527,-0.084202726845472,-0.024427259707481327,0.24890594368740357,-0.06645592250488762,0.01724502747103464,-0.10397845613847966,-0.02282249476568284,-0.1165828661178449,-0.0851055268336728,-0.1400980507424597,-0.17377638054713676,-0.019923469300822498,1.0,-0.13854343665056637,-0.019071876318725502,0.23768728486587287,-0.10078394322693517,-0.1516963792861048,-0.05721372084629127,-0.16944947913734668,0.21787793641689793,-0.019923469300822495,-0.16645055016216279,0.2346876804711556,-0.06591023051040236,-0.024427259707481327,0.1993558039853151,-0.08952244556389752,0.09663687477747206,-0.09549223011205214,-0.011486481122301747,-0.024427259707481327,0.19935580398531424,-0.09463440829304981,0.09663687477747267,-0.09011472709575466,-0.011486481122301747,-0.011486481122301747,0.05140232340501645,-0.044935677084150354,-0.16645055016216279,-0.024427259707481327,0.239697575928437,0.10899644741215812,0.1028439122011208,-0.03465677894357498,-0.028236396237943558,-0.050030517782195257,-0.17694928657128928,0.15765280753021918,-0.23583803203404333
gill-color_w,0.040928036132169034,-0.014486166936578143,0.13495189662516358,-0.034314258012870046,-0.03394659677340954,0.05860463820822982,0.03201957892098586,0.07899988476354408,0.1629703569324499,0.07600773195436014,-0.10904738492220495,0.07298639048903464,-0.0015676209395062083,0.012167520650887416,-0.07809022944772313,0.3178434469028021,-0.0852768491075684,-0.18333201282293435,0.07981318404757949,0.06995303277662471,0.08362565867349907,0.0456296910405627,-0.0493850716929011,-0.10163635415887397,0.05055094063608366,-0.17376635071801694,-0.12684948754710734,-0.20881565045430342,-0.25901308223232383,-0.02969586071547477,-0.13854343665056637,1.0,-0.028426564379540782,0.06311764519639375,0.08656386660597655,-0.1506149046002523,0.0808040813144869,-0.23262273999953634,0.21535861875625795,0.11488957568733725,-0.2480939578844171,0.18046056644951886,0.13408461466001298,0.06995303277662472,0.07057230097834265,-0.1055899720243168,-0.03503350940551418,0.09775458918490944,0.03289416005145936,0.06995303277662472,0.07057230097834273,-0.03471432229348627,-0.03503350940551431,0.059984125775890726,0.03289416005145936,0.03289416005145936,-0.18163570917154787,0.16781557309038764,-0.2480939578844171,0.06995303277662472,0.28949585232526237,0.023577329776388076,0.031159715309030823,0.048946461485669446,0.03987882668509859,0.2963534540086001,-0.1500780576163812,0.057808240811836345,0.008838470957414383
gill-color_y,0.1051806688918945,-0.014238938661113275,0.24500698571322801,-0.004723697495976749,-0.028833940067555835,-0.001665928520965933,-0.03353635973885595,0.07768842385396157,0.18843691266804655,0.03451268677206846,-0.04100060562051532,0.01028010205432123,-0.008228739427253459,-0.02688570192717753,-0.0008474291807602634,-0.07116802204492717,-0.011739202941329055,-0.03907333596832887,-0.01727685044830243,0.6378940014436761,-0.03879355147315168,-0.013635532690384058,-0.45033702962331484,6.274996822407006e-05,0.01080729842174077,-0.023920659320794627,-0.017462088396825063,-0.02874554259054033,-0.03565571627709838,-0.004087929363063906,-0.019071876318725502,-0.028426564379540782,1.0,-0.06385474050025956,0.1892352661354137,-0.031125306230102456,-0.011739202941329066,0.08576655374405752,-0.08753468401790122,0.1707020200697594,-0.034152590657388945,-0.08126492315419805,0.2893613961146063,0.6378940014436761,-0.021089139441474454,-0.018368358861016183,-0.029169196906531806,-0.06995039652496196,0.2999582226314247,0.6378940014436761,-0.021089139441474523,-0.019417239566874297,-0.029169196906531768,-0.06875814331508612,0.2999582226314247,0.2999582226314247,-0.3016535482514299,-0.009219974243836764,-0.034152590657388945,0.6378940014436761,-0.07956641298875555,-0.044068980131356586,-0.04491709886227973,-0.007110933449065824,-0.005793589035391088,0.3812048558392646,0.07956641298875534,-0.1277347436667956,-0.03415322810039192
stalk-shape_t,-0.027184269571137374,0.14243682287435813,-0.08178515336858591,-0.0770802975560345,-0.006511057864099206,-0.027184269571137367,0.06558184441196188,-0.1950426664443034,-0.09048144949152873,0.32016342097078726,0.048372096537771976,0.20852255195150726,-0.1342748311262503,-0.04791523363073555,-0.4460962116931504,0.34829416177542794,-0.19155783293892237,-0.41040859356378534,-0.21562180933737154,-0.08178515336858587,0.7653042175294549,-0.2225017410630179,0.05773824953979945,0.3140596849733537,-0.2823676157936071,-0.08435513928139513,-0.022162207548133906,0.14375933451538506,0.03771382795518621,-0.06670596750985673,0.23768728486587287,0.06311764519639375,-0.06385474050025956,1.0,-0.3374357317444534,0.17461954030098123,-0.1915578329389237,-0.5673355016252799,0.33387314542641067,-0.06670596750985668,-0.5572947574274447,0.3985924408792144,-0.22067470421994084,-0.08178515336858587,0.3302674049922535,-0.299730998403061,0.057041663079778045,0.09114015356027583,-0.03845800271919561,-0.08178515336858587,0.3302674049922537,-0.3168464121180992,0.05704166307977851,0.1084193933137051,-0.03845800271919561,-0.03845800271919561,0.17210063484498736,-0.1504495914014834,-0.5572947574274447,-0.08178515336858587,0.242298719971887,0.2203933787821561,0.23660468832355536,-0.11603470938221386,0.09073075843707316,-0.16750767867234073,-0.5924456821598567,-0.09959824708864788,-0.4276006838915317
stalk-root_c,0.03587892333119958,-0.2708369676176107,0.07807029342799361,-0.024962035842708678,-0.01399983096428143,-0.008803478098917447,0.18828636040124175,0.0989566118805619,0.05181975687640629,-0.08937825151541488,-0.21666471825170236,-0.15086691851175674,-0.04348417499180679,0.2774793764316569,0.2438795708331538,0.23780971014571856,-0.06203496410087049,-0.20648020195331104,0.5018382895351708,0.24237253401048686,-0.3157109808146361,-0.07205598073155503,-0.17110887824863172,-0.1432875560931236,-0.1103968353968158,-0.12640698432858352,0.20159345547442314,0.048679916439863614,-0.18842003927314357,-0.021602365386474195,-0.10078394322693517,0.08656386660597655,0.1892352661354137,-0.3374357317444534,1.0,-0.1644794168959478,-0.0620349641008703,-0.1333219605658046,0.18093651356921864,0.05149340813946145,-0.1804768812645623,0.20034236749176124,0.055199789592920746,0.24237253401048686,-0.1114440234749025,-0.09706625639151244,-0.1541424994517607,0.24297652663283145,0.11397134061759855,0.24237253401048686,-0.11144402347490269,-0.10260899019202685,-0.15414249945176056,0.24819552086681032,0.11397134061759855,0.11397134061759855,-0.07482586331281132,-0.048722283283281216,-0.1804768812645623,0.24237253401048686,0.20605486090534636,0.09039950490592161,0.08390175616226472,-0.03757721060289757,-0.030615799864943394,0.10946328625366358,-0.20605486090534386,-0.33132953705443624,0.13126920833964573
stalk-root_e,-0.013250679721106492,0.05507548906755081,-0.039865293065638345,0.15176388823472256,-0.017390108082688965,-0.01325067972110651,0.27947225472630627,-0.28423465498458433,-0.04410420904546515,-0.16968085489890314,-0.03154578659778649,0.22071376140067922,-0.06545082174099266,0.2563942276976315,-0.23870854613153158,-0.33671347878293567,-0.09337280465456603,-0.3107865998064053,-0.13741886821600874,-0.03986529306563831,0.27825288803478043,0.4380850935113614,0.028143888520054772,0.6510851675771685,0.28543820485900534,0.06541432165520304,0.341443418391567,0.09921676912976177,0.005532719245421013,-0.03251510615897211,-0.1516963792861048,-0.1506149046002523,-0.031125306230102456,0.17461954030098123,-0.1644794168959478,1.0,-0.09337280465456424,-0.2765415861837834,-0.005047721521419243,-0.03251510615897211,-0.27164733345505354,0.030078036866187253,-0.1075655102858788,-0.03986529306563832,-0.16774155002203023,-0.1461006503019416,-0.23200976576488297,0.4449625416918889,-0.018745939647632135,-0.03986529306563832,-0.1677415500220286,-0.15444337456895596,-0.2320097657648825,0.4526781080674313,-0.018745939647632135,-0.018745939647632135,0.08388860278781501,-0.07333503460946533,-0.27164733345505354,-0.03986529306563832,-0.3110207389882731,0.17788222548222646,0.1678412867022803,-0.056559870646215635,-0.04608180469782004,-0.0816498157180518,-0.15711741711541943,-0.5612494583392028,0.17562709090970724
stalk-root_r,-0.0049976188894868484,0.026185914419829485,-0.01503557144637757,-0.014170619889757805,-0.0011970079124986547,-0.004997618889486846,-0.10060572395888576,0.2330574989627399,-0.01663431860634297,-0.06399673552416188,-0.12299771481832791,0.13625163417724304,-0.024685395009902696,-0.08065441591123455,0.15056350848890468,0.16495052980281574,-0.035216434336023554,-0.11721609868193103,0.3138235222018043,-0.015035571446377566,-0.18462599470492155,-0.04090523385851368,0.01061473311949409,-0.08834900877015157,-0.0708427719285907,-0.07175958473972674,-0.052384518137225826,0.07863863818399354,0.03843681687161025,-0.012263379098576516,-0.05721372084629127,0.0808040813144869,-0.011739202941329066,-0.1915578329389237,-0.0620349641008703,-0.09337280465456424,1.0,-0.10430026866012855,0.13410915996370415,-0.012263379098576523,-0.1024543550615934,-0.2437866390405715,0.8680552382116369,-0.015035571446377566,-0.06326530839067677,-0.055103238858928566,-0.08750467238937777,0.1678218212407113,-0.007070208023740807,-0.015035571446377566,-0.0632653083906764,-0.058249776037711885,-0.08750467238937805,0.17073181990289954,-0.007070208023740807,-0.007070208023740807,0.031639378109580826,-0.027659000288238113,-0.1024543550615934,-0.015035571446377566,0.14753967786618907,0.06708995982733641,0.06330292502074356,-0.021332088909991102,-0.01738018746711068,-0.030794998441150252,-0.1475396778661878,0.040541415307318834,0.1484518671012823
stalk-surface-above-ring_k,-0.014801413109027104,0.0724989881473511,0.01836503295672131,-0.04196902637784824,-0.008552412135879855,-0.014801413109027111,-0.29796327298601,0.13673262538876588,0.007666250359755088,-0.17314847468958153,0.22546998582873679,-0.27092692013323283,-0.07311056272612312,-0.2388736226927578,0.42666431174016906,-0.6323124198801405,-0.10430026866012862,0.8563801884605947,-0.15350106411524325,0.1441565936457198,-0.5468055245351415,-0.12114874664310162,-0.10177090870286364,-0.26166264485092783,-0.20981454494449117,0.3277938068270097,-0.15514686305862382,-0.2553979030739115,0.10219936811759744,-0.036320364590521535,-0.16944947913734668,-0.23262273999953634,0.08576655374405752,-0.5673355016252799,-0.1333219605658046,-0.2765415861837834,-0.10430026866012855,1.0,-0.7777266570632234,-0.036320364590521514,0.9823019286311696,-0.7220211934310401,-0.047422409759152316,0.14415659364571984,-0.1873724238817587,0.5036166188830189,0.21146550206812206,-0.6214940815743373,-0.020939785934115353,0.14415659364571984,-0.1873724238817593,0.4641590357842534,0.21146550206812284,-0.6109011707334164,-0.020939785934115353,-0.020939785934115353,0.0020780291306652385,-0.08191746879901614,0.9823019286311696,0.14415659364571984,-0.7069302994867891,-0.3915433177406142,-0.3990786684738021,-0.06317909937059944,-0.05147478035073924,0.0027981183157090007,0.7069302994867875,0.28966132024645364,0.1341336657729906
stalk-surface-above-ring_s,-0.009116833438206743,-0.08761800729239416,-0.06506664592311015,0.05396372362537706,0.018042374486090345,0.019031639168597948,0.07371228728335685,0.029511264357210017,-0.03886225423963644,0.2289962180853069,-0.2047701058329185,0.20874916775749267,0.09400547359685052,0.1254329928072853,-0.2871688648937199,0.7042581349750181,0.13410915996370418,-0.7539976778682407,0.1973714835683777,-0.1121144256697067,0.3794294880459653,0.15577291268447968,0.07914994861176419,-0.06786659705599134,0.2335053636608667,-0.3734125882999692,0.060640899855594455,0.2336193932428867,-0.09413648563247423,0.0467006810949121,0.21787793641689793,0.21535861875625795,-0.08753468401790122,0.33387314542641067,0.18093651356921864,-0.005047721521419243,0.13410915996370415,-0.7777266570632234,1.0,-0.09144326235355944,-0.7639623951810774,0.7145054125621287,0.04568340436671524,-0.11211442566970671,0.24092323720688308,-0.4108834838264719,-0.08922065424618661,0.3830317149436504,-0.05271979949508514,-0.11211442566970671,0.2409232372068835,-0.40259586045756407,-0.08922065424618682,0.3882045227645615,-0.05271979949508514,-0.05271979949508514,-0.0016839584097740913,0.06378647320796547,-0.7639623951810774,-0.11211442566970671,0.7856307510443503,0.35070449748464266,0.3613459191620708,0.08123560996246486,0.06618621064772752,-0.07961638587401051,-0.5821207780767174,-0.013434028884220447,-0.16729923765250237
stalk-surface-above-ring_y,0.2028917439786514,-0.023872266359991224,0.19997923761368805,-0.004934618937050344,-0.043983570191517836,-0.001740315173512379,0.017275935386231525,0.03656505183351334,-0.005792549954650587,-0.0222855108304176,-0.042831355119130526,0.0743656779721985,-0.008596167184787397,-0.02808619603154924,0.024503221448256708,-0.07434579999977264,-0.012263379098576515,-0.04081802947103769,-0.018048292353054513,-0.005235820039340195,0.06642281937695972,-0.01424438332218499,0.003696356508796998,0.025758241252967353,0.041255998178519375,-0.024988759032867583,-0.018241801503337464,-0.030029081867304585,-0.037247807020860495,-0.004270462633451961,-0.019923469300822495,0.11488957568733725,0.1707020200697594,-0.06670596750985668,0.05149340813946145,-0.03251510615897211,-0.012263379098576523,-0.036320364590521514,-0.09144326235355944,1.0,-0.03567756418585652,-0.0848935455871581,0.30228189382038506,-0.005235820039340196,-0.02203080678697792,0.14197234173729623,-0.030471653097201352,-0.07307380534851189,0.5765301689614647,-0.005235820039340196,-0.02203080678697799,0.13359253061674736,-0.030471653097201314,-0.07182831592582481,0.5765301689614647,0.5765301689614647,-0.25472649428660205,0.2923744627014199,-0.03567756418585652,-0.005235820039340196,0.006545318788944495,-0.046036737974416195,-0.04692272670549923,-0.007428449194249095,-0.006052283024448106,0.39822632633062266,-0.0065453187889447624,-0.0022774217902210253,0.03124611908631887
stalk-surface-below-ring_k,-0.014539456643464,0.0761820730623304,-0.04374263904240177,-0.04122625555373275,-0.0034824273380041834,-0.014539456643464007,-0.29268989771541365,0.11920949798779534,-0.04839383704893187,-0.18618421733481394,0.23757165745429398,-0.2782884720027498,-0.07181664676918088,-0.23464602027021045,0.43803092075854994,-0.6211217095457046,-0.10245435506159345,0.8740638548259998,-0.15078439132734045,-0.04374263904240179,-0.5371281213370481,-0.11900464747876766,0.03088119670299076,-0.2570317206877993,-0.20610123215384457,0.3367358492791396,-0.1524010628035621,-0.2508778527578598,0.11182333922924009,-0.03567756418585654,-0.16645055016216279,-0.2480939578844171,-0.034152590657388945,-0.5572947574274447,-0.1804768812645623,-0.27164733345505354,-0.1024543550615934,0.9823019286311696,-0.7639623951810774,-0.03567756418585652,1.0,-0.7092428108198902,-0.11802746017945745,-0.04374263904240179,-0.18405629335134857,0.5128984135172441,0.22056458949192562,-0.6104948349633288,-0.02056919210820534,-0.04374263904240179,-0.18405629335134913,0.47331678930708954,0.22056458949192645,-0.6000893982144747,-0.02056919210820534,-0.02056919210820534,0.09204770840332116,-0.08046768758985719,1.0,-0.04374263904240179,-0.6944189965936832,-0.3846137561592521,-0.392015745717375,-0.062060951160920134,-0.05056377601439698,-0.08959117423149876,0.6944189965936819,0.3234055643417108,0.14715092847529473
stalk-surface-below-ring_s,-0.0070480850687226464,-0.09556972316520591,-0.058039882221991704,0.05812713914727552,0.01810644420734143,0.020499970421492646,0.10987066550753107,-0.05852298781275027,-0.03179485324067418,0.24811267444452892,-0.1542738124760396,0.15319731324380845,0.10125819489965725,0.1530057068037364,-0.33751006481459006,0.6273737985888517,0.1444559655714462,-0.6939544710355422,0.07546661027676123,-0.1040841157850359,0.4405773668567255,0.16779112267799645,0.07348075295820279,-0.03328498960364415,0.2550931429578129,-0.33853519217317,0.07899344584009273,0.19914394940392688,-0.10654367967742426,0.05030373750932075,0.2346876804711556,0.18046056644951886,-0.08126492315419805,0.3985924408792144,0.20034236749176124,0.030078036866187253,-0.2437866390405715,-0.7220211934310401,0.7145054125621287,-0.0848935455871581,-0.7092428108198902,1.0,-0.28084231084512534,-0.1040841157850359,0.2595109750052711,-0.38145353596820036,-0.0545002128843052,0.31192241908623014,-0.04894369018110207,-0.1040841157850359,0.2595109750052716,-0.37216262840108877,-0.05450021288430547,0.3158935371064116,-0.04894369018110207,-0.04894369018110207,-0.01351391952885383,0.07279898339130017,-0.7092428108198902,-0.1040841157850359,0.7135403896566274,0.3180627468827098,0.32989745454508757,0.0875031092513681,0.07129261691908455,-0.06636893106245441,-0.5143713581273881,-0.028351934063062394,-0.21940536028692234
stalk-surface-below-ring_y,0.05871490396091987,0.009377668569442962,0.17664654968563542,-0.016324560080936926,-0.025399985185450048,-0.005757259065428736,-0.09941692459241878,0.2544329163425198,0.09788760003130174,-0.040026520984295155,-0.1416934192710216,0.1527213498903021,-0.02843758544762593,-0.09291392109723177,0.12505530431740974,0.0862203056629421,-0.04056934718644897,-0.13503299504697314,0.2612315784418081,0.3706140840097065,-0.1715056783583093,-0.047122846632187125,-0.26164416870478074,-0.08396945289011455,-0.06084016278863196,-0.08266707184160944,-0.06034698695574749,0.045369586513936536,0.004397962509388639,-0.014127417886264326,-0.06591023051040236,0.13408461466001298,0.2893613961146063,-0.22067470421994084,0.055199789592920746,-0.1075655102858788,0.8680552382116369,-0.047422409759152316,0.04568340436671524,0.30228189382038506,-0.11802746017945745,-0.28084231084512534,1.0,0.3706140840097065,-0.0728816619101519,-0.01270298803478658,-0.10080541944502808,0.08974237890658235,0.17427463131825804,0.3706140840097065,-0.07288166191015161,-0.01862275548272946,-0.1008054194450283,0.09327754894840731,0.17427463131825804,0.17427463131825804,-0.23566222741002266,0.0632880305011449,-0.11802746017945745,0.3706140840097065,0.09227814456094492,0.02262455869370596,0.01860276539137742,-0.02457457540828779,-0.020021983281752042,0.2866375722870874,-0.09227814456094399,-0.028196128494340465,0.11625303316639973
stalk-color-above-ring_c,-0.0021337212949404495,-0.015785795871026315,0.32905373276271993,-0.006050111881257947,-0.027218657465067485,-0.002133721294940451,-0.04295337046519286,0.09950333538406789,0.29656155508023796,0.060098761616100664,-0.05251357679333329,0.02516823515328365,-0.010539369682119654,-0.03443520775920093,-0.038438594765355744,-0.09115200456980344,-0.015035571446377561,-0.050045129770421186,-0.022128190523846743,1.0,-0.07882562180364713,-0.017464390640517812,-0.7059747052082569,-0.037720395566039386,-0.030246150096524545,-0.030637581108342773,-0.022365443293350107,-0.036817291731394655,-0.04566784237698722,-0.005235820039340195,-0.024427259707481327,0.06995303277662472,0.6378940014436761,-0.08178515336858587,0.24237253401048686,-0.03986529306563832,-0.015035571446377566,0.14415659364571984,-0.11211442566970671,-0.005235820039340196,-0.04374263904240179,-0.1040841157850359,0.3706140840097065,1.0,-0.027010970369936303,-0.023526194528522535,-0.037359908190833346,-0.0895924697707316,-0.003018608211932624,1.0,-0.027010970369936372,-0.024869600965098788,-0.0373599081908333,-0.08806543182711185,-0.003018608211932624,-0.003018608211932624,-0.4752170347439481,-0.011808943262145688,-0.04374263904240179,1.0,-0.10190866391896408,-0.056443550950230716,-0.05752982144385273,-0.00910768375487004,-0.007420428994024203,0.4882471897217591,0.10190866391896378,-0.16360266316082547,-0.061977433524161185
stalk-color-above-ring_g,-0.008978078167869415,0.047042239866054644,-0.02701097036993628,-0.025457109849862304,-0.0021503901845306168,-0.0089780781678694,-0.18073528090308386,0.07361156730489075,-0.029883073523504822,0.25287809652598464,0.0241459879470257,0.10590060805471968,-0.04434660003183968,-0.14489333153398418,-0.16173841882946088,0.2963288684370253,-0.06326530839067691,-0.2105753399309578,-0.09310898508989532,-0.027010970369936303,0.3426673935693156,-0.07348507262714106,0.019069061844304735,-0.15871644563790405,-0.12726699615719295,-0.12891402392495546,-0.09410727568913849,0.06722492185752364,0.00374872737940706,-0.022030806786977948,0.1993558039853151,0.07057230097834265,-0.021089139441474454,0.3302674049922535,-0.1114440234749025,-0.16774155002203023,-0.06326530839067677,-0.1873724238817587,0.24092323720688308,-0.02203080678697792,-0.18405629335134857,0.2595109750052711,-0.0728816619101519,-0.027010970369936303,1.0,-0.09899137903831597,-0.1571996196865466,-0.37697903599755167,-0.012701424759253763,-0.027010970369936303,0.25756379900026427,-0.10464404231135023,0.13619808319403154,-0.14479754008444518,-0.012701424759253763,-0.012701424759253763,0.05683923006777337,-0.049688596134312694,-0.18405629335134857,-0.027010970369936303,0.2650507751864445,0.12052517747524595,0.11372187869038797,-0.03832248235669395,-0.031223005415678032,-0.05532232635139017,-0.2650507751864454,0.1997021283384077,-0.2607830011085773
stalk-color-above-ring_n,-0.007819786204521869,0.03567891987108734,0.009405809915669187,-0.02217280276344397,-0.007116509084578415,-0.007819786204521862,-0.14482635987339915,0.06411469222489766,-0.026027758025554168,-0.10013584481982465,0.11633692730517768,-0.12375348731185006,-0.03862529649023138,-0.12620015707944615,0.22214211379650375,-0.3340591808028772,-0.05510323885892859,0.4467600133393426,-0.08109668277657485,-0.023526194528522535,-0.2679081824697275,-0.0640045170495961,0.01660889824694583,-0.1382399048909783,-0.11084785432171489,0.17062913728875642,-0.08196618055885173,-0.13493015730391036,0.052016880869223965,-0.019188538545346568,-0.08952244556389752,-0.1055899720243168,-0.018368358861016183,-0.299730998403061,-0.09706625639151244,-0.1461006503019416,-0.055103238858928566,0.5036166188830189,-0.4108834838264719,0.14197234173729623,0.5128984135172441,-0.38145353596820036,-0.01270298803478658,-0.023526194528522535,-0.09899137903831597,1.0,-0.1369187697407478,-0.3283437067453367,-0.011062771369672228,-0.02352619452852253,-0.09899137903831622,0.2792584186407776,0.10950008753501145,-0.3227473290583296,-0.011062771369672228,-0.011062771369672228,-0.014461979058222331,0.02941880625082637,0.512898413517244,-0.02352619452852253,-0.3518973667323788,-0.206857616363228,-0.21083864380132303,-0.03337837043214605,-0.027194820812211053,0.017441484397185732,0.3518973667323766,0.1778844100468018,0.08133021133540733
stalk-color-above-ring_p,-0.012417923957854377,0.0650659246379056,-0.03735990819083332,-0.03521070416090561,-0.002974287068115433,-0.012417923957854383,-0.24998189287190864,0.10181497956678408,-0.04133242412278042,0.1317157719065472,0.10604396375300017,-0.018163545761228778,-0.06133748188510748,-0.20040751922036212,0.032502826533765954,0.006854865171625807,-0.08750467238937731,0.15350768215666327,-0.12878260525478405,-0.037359908190833346,0.07422389578061644,-0.1016400199306569,0.026375150171631084,-0.21952679804525968,-0.1760278593118568,0.021368408655851434,-0.13016337923752858,-0.038698166173905583,0.04389425177843331,-0.03047165309720136,0.09663687477747206,-0.03503350940551418,-0.029169196906531806,0.057041663079778045,-0.1541424994517607,-0.23200976576488297,-0.08750467238937777,0.21146550206812206,-0.08922065424618661,-0.030471653097201352,0.22056458949192562,-0.0545002128843052,-0.10080541944502808,-0.037359908190833346,-0.1571996196865466,-0.1369187697407478,1.0,-0.5214141506894211,-0.01756782730866463,-0.037359908190833346,0.13619808319403226,0.09054411453332897,0.18838078803566274,-0.33409731317287256,-0.01756782730866463,-0.01756782730866463,0.07861651721084305,-0.06872620140206005,0.22056458949192564,-0.037359908190833346,-0.04469569749536577,-0.045523704156819826,-0.05361018783612455,-0.053005293881794535,-0.043185735269620586,-0.07651842955230094,0.044695697495365214,0.27621566637757944,-0.1522511264717994
stalk-color-above-ring_w,-0.0029817298885103124,-0.11614675644586962,-0.008970674588013549,0.06752924544596561,0.015688511346752542,0.023815855287845824,0.47258036591143676,-0.211325858176526,0.03061836939737563,-0.15723615886721254,-0.21648806249282604,0.09274861998189357,0.11763678029068811,0.38435381731658,-0.170746475055597,0.18901934973824028,0.16782182124071052,-0.4699025582149194,0.24698716957433164,-0.0895924697707316,0.041053528480950875,0.1949314566861428,0.0632500174352719,0.41361985368106013,0.3289637406248303,-0.11976992017563438,0.24963530250459384,0.14027363701749718,-0.0870247676273995,0.058440403001934524,-0.09549223011205214,0.09775458918490944,-0.06995039652496196,0.09114015356027583,0.24297652663283145,0.4449625416918889,0.1678218212407113,-0.6214940815743373,0.3830317149436504,-0.07307380534851189,-0.6104948349633288,0.31192241908623014,0.08974237890658235,-0.0895924697707316,-0.37697903599755167,-0.3283437067453367,-0.5214141506894211,1.0,-0.04212925334423472,-0.0895924697707316,-0.15082367043949638,-0.28664019095177096,-0.3426689207033246,0.7078831122394683,-0.04212925334423472,-0.04212925334423472,-0.03767385390383918,0.09225811614872094,-0.6104948349633288,-0.0895924697707316,0.28030208601557816,0.1937698754285698,0.20861474697027568,0.10165679970846568,0.08282424865631205,0.012866633143678197,-0.28030208601557743,-0.49056018300769355,0.1990347295974081
stalk-color-above-ring_y,0.35292632271275676,-0.013763081758018832,0.1152940636502044,-0.0028449566895380773,-0.037916624414260525,-0.001003344201031292,-0.020198052704068263,0.04678966028862855,-0.0033395798040724263,-0.0128482693244532,-0.024693568403680807,-0.019204233792556154,-0.004955949719466473,-0.016192539343553886,0.07853065988388465,-0.04286259663544416,-0.0070702080237408016,-0.023532825427611405,-0.010405385039772423,-0.003018608211932624,0.03829475927829543,-0.00821231672349118,0.0021310610425585583,0.08002588961846291,0.09980140289918994,-0.01440677346735647,-0.010516948902880643,-0.017312671642714758,-0.021474484475180727,-0.0024620505436076775,-0.011486481122301747,0.03289416005145936,0.2999582226314247,-0.03845800271919561,0.11397134061759855,-0.018745939647632135,-0.007070208023740807,-0.020939785934115353,-0.05271979949508514,0.5765301689614647,-0.02056919210820534,-0.04894369018110207,0.17427463131825804,-0.003018608211932624,-0.012701424759253763,-0.011062771369672228,-0.01756782730866463,-0.04212925334423472,1.0,-0.0030186082119326245,-0.012701424759253803,-0.011694484171603351,-0.017567827308664605,-0.04141119111693322,1.0,1.0,0.006352062302562485,-0.005552943943745987,-0.02056919210820534,-0.0030186082119326245,-0.04792072292683996,-0.026541568322824824,-0.0270523675556541,-0.004282725069082085,-0.0034893237546876673,0.22958949120429706,0.0479207229268398,-0.07693122046676264,0.018014330316225454
stalk-color-below-ring_c,-0.0021337212949404495,-0.015785795871026315,0.32905373276271993,-0.006050111881257947,-0.027218657465067485,-0.002133721294940451,-0.04295337046519286,0.09950333538406789,0.29656155508023796,0.060098761616100664,-0.05251357679333329,0.02516823515328365,-0.010539369682119654,-0.03443520775920093,-0.038438594765355744,-0.09115200456980344,-0.015035571446377561,-0.050045129770421186,-0.022128190523846743,1.0,-0.07882562180364713,-0.017464390640517812,-0.7059747052082569,-0.037720395566039386,-0.030246150096524545,-0.030637581108342773,-0.022365443293350107,-0.036817291731394655,-0.04566784237698722,-0.005235820039340195,-0.024427259707481327,0.06995303277662472,0.6378940014436761,-0.08178515336858587,0.24237253401048686,-0.03986529306563832,-0.015035571446377566,0.14415659364571984,-0.11211442566970671,-0.005235820039340196,-0.04374263904240179,-0.1040841157850359,0.3706140840097065,1.0,-0.027010970369936303,-0.02352619452852253,-0.037359908190833346,-0.0895924697707316,-0.0030186082119326245,1.0,-0.027010970369936372,-0.024869600965098788,-0.0373599081908333,-0.08806543182711185,-0.003018608211932624,-0.003018608211932624,-0.4752170347439481,-0.011808943262145688,-0.04374263904240179,1.0,-0.10190866391896408,-0.056443550950230716,-0.05752982144385273,-0.00910768375487004,-0.007420428994024203,0.4882471897217591,0.10190866391896378,-0.16360266316082547,-0.061977433524161185
stalk-color-below-ring_g,-0.008978078167869441,0.04704223986605468,-0.027010970369936372,-0.02545710984986233,-0.002150390184530536,-0.008978078167869425,-0.18073528090308386,0.07361156730489044,-0.0298830735235049,0.25287809652598553,0.024145987947025688,0.10590060805471979,-0.044346600031839635,-0.144893331533984,-0.1617384188294611,0.29632886843702644,-0.06326530839067701,-0.21057533993095884,-0.09310898508989482,-0.027010970369936372,0.34266739356931475,-0.0734850726271411,0.019069061844304788,-0.15871644563790355,-0.12726699615719286,-0.12891402392495596,-0.09410727568913843,0.06722492185752386,0.003748727379407061,-0.022030806786978017,0.19935580398531424,0.07057230097834273,-0.021089139441474523,0.3302674049922537,-0.11144402347490269,-0.1677415500220286,-0.0632653083906764,-0.1873724238817593,0.2409232372068835,-0.02203080678697799,-0.18405629335134913,0.2595109750052716,-0.07288166191015161,-0.027010970369936372,0.25756379900026427,-0.09899137903831622,0.13619808319403226,-0.15082367043949638,-0.012701424759253803,-0.027010970369936372,1.0,-0.10464404231135037,-0.15719961968654772,-0.3705537047906935,-0.012701424759253802,-0.012701424759253802,0.05683923006777355,-0.049688596134312854,-0.18405629335134913,-0.027010970369936372,0.2650507751864444,0.12052517747524634,0.11372187869038833,-0.03832248235669408,-0.031223005415677865,-0.05532232635139035,-0.26505077518644515,0.1997021283384072,-0.2607830011085776
stalk-color-below-ring_n,-0.008266316182290649,0.028147969698598577,0.13234817216104097,-0.023438927036676258,-0.01699956746895266,-0.008266316182290649,-0.15438444847579438,0.06777580665246113,0.1432584313828487,-0.1058538600432332,0.09139059348181976,-0.09635039475173855,-0.040830900624666946,-0.13340651181360946,0.19769056706652094,-0.35313482234549504,-0.058249776037711885,0.40780478650453206,-0.0857275127008515,-0.024869600965098788,-0.22526695520115048,-0.06765934019025062,0.017557309209982636,-0.06818716159337161,-0.02626615601986093,0.15143058120451092,-0.0866466610509621,-0.14263501758594865,0.03254423799700673,-0.020284253628338772,-0.09463440829304981,-0.03471432229348627,-0.019417239566874297,-0.3168464121180992,-0.10260899019202685,-0.15444337456895596,-0.058249776037711885,0.4641590357842534,-0.40259586045756407,0.13359253061674736,0.47331678930708954,-0.37216262840108877,-0.01862275548272946,-0.024869600965098788,-0.10464404231135023,0.2792584186407776,0.09054411453332897,-0.28664019095177096,-0.011694484171603351,-0.024869600965098788,-0.10464404231135037,1.0,-0.1447371849262059,-0.3411770346666504,-0.011694484171603351,-0.011694484171603351,-0.008743833627926878,0.023661783972605373,0.47331678930708954,-0.024869600965098784,-0.3741996066964407,-0.21866972022644646,-0.22287807460762332,-0.03528436154458915,-0.02874771527954066,0.19970481425331238,0.3123758318575957,0.1763338913046385,0.09201709649144145
stalk-color-below-ring_p,-0.012417923957854361,0.06506592463790561,-0.03735990819083329,-0.035210704160905645,-0.00297428706811542,-0.012417923957854357,-0.24998189287190908,0.10181497956678401,-0.04133242412278039,0.131715771906547,0.1060439637530003,-0.018163545761228986,-0.061337481885107376,-0.2004075192203621,0.03250282653376634,0.006854865171625186,-0.08750467238937806,0.1535076821566633,-0.12878260525478422,-0.0373599081908333,0.07422389578061632,-0.10164001993065691,0.02637515017163106,-0.2195267980452607,-0.17602785931185716,0.021368408655851465,-0.130163379237529,-0.038698166173905695,0.043894251778433375,-0.030471653097201304,0.09663687477747267,-0.03503350940551431,-0.029169196906531768,0.05704166307977851,-0.15414249945176056,-0.2320097657648825,-0.08750467238937805,0.21146550206812284,-0.08922065424618682,-0.030471653097201314,0.22056458949192645,-0.05450021288430547,-0.1008054194450283,-0.0373599081908333,0.13619808319403154,0.10950008753501145,0.18838078803566274,-0.3426689207033246,-0.017567827308664605,-0.0373599081908333,-0.15719961968654772,-0.1447371849262059,1.0,-0.5125270288757201,-0.017567827308664605,-0.017567827308664605,0.07861651721084285,-0.06872620140206004,0.22056458949192642,-0.0373599081908333,-0.04469569749536594,-0.04552370415681996,-0.05361018783612458,-0.05300529388179451,-0.04318573526962062,-0.07651842955230087,0.04469569749536537,0.2762156663775782,-0.15225112647180006
stalk-color-below-ring_w,-0.0025214653806025513,-0.11257552709138119,-0.07912326686539231,0.06870018979905097,0.021465008563087376,0.024228817717368727,0.48090569344765766,-0.21468340466088964,-0.06505244425695897,-0.15113211766377377,-0.20490776985592668,0.08018006282122,0.11967657982771629,0.39101843986643287,-0.16224831605612233,0.2081232329286687,0.1707318199029003,-0.4584013271584725,0.25126988041446535,-0.08806543182711185,0.023614973873926463,0.19831153130326587,0.06217196727318316,0.3765992288889908,0.2831246543313681,-0.11302525512539499,0.2539639314692456,0.14787706351110713,-0.07713280407421992,0.05945374854482121,-0.09011472709575466,0.059984125775890726,-0.06875814331508612,0.1084193933137051,0.24819552086681032,0.4526781080674313,0.17073181990289954,-0.6109011707334164,0.3882045227645615,-0.07182831592582481,-0.6000893982144747,0.3158935371064116,0.09327754894840731,-0.08806543182711185,-0.14479754008444518,-0.3227473290583296,-0.33409731317287256,0.7078831122394683,-0.04141119111693322,-0.08806543182711185,-0.3705537047906935,-0.3411770346666504,-0.5125270288757201,1.0,-0.04141119111693322,-0.04141119111693322,-0.04048791669240059,0.0946134409018512,-0.6000893982144747,-0.08806543182711188,0.3015386234143128,0.20546403609328487,0.22051434368317138,0.10341950940239598,0.08426040547432746,-0.09127140642511879,-0.26637476234616103,-0.4933853016835219,0.19051417738470414
stalk-color-below-ring_y,0.35292632271275676,-0.013763081758018832,0.1152940636502044,-0.0028449566895380773,-0.037916624414260525,-0.001003344201031292,-0.020198052704068263,0.04678966028862855,-0.0033395798040724263,-0.0128482693244532,-0.024693568403680807,-0.019204233792556154,-0.004955949719466473,-0.016192539343553886,0.07853065988388465,-0.04286259663544416,-0.0070702080237408016,-0.023532825427611405,-0.010405385039772423,-0.003018608211932624,0.03829475927829543,-0.00821231672349118,0.0021310610425585583,0.08002588961846291,0.09980140289918994,-0.01440677346735647,-0.010516948902880643,-0.017312671642714758,-0.021474484475180727,-0.0024620505436076775,-0.011486481122301747,0.03289416005145936,0.2999582226314247,-0.03845800271919561,0.11397134061759855,-0.018745939647632135,-0.007070208023740807,-0.020939785934115353,-0.05271979949508514,0.5765301689614647,-0.02056919210820534,-0.04894369018110207,0.17427463131825804,-0.003018608211932624,-0.012701424759253763,-0.011062771369672228,-0.01756782730866463,-0.04212925334423472,1.0,-0.003018608211932624,-0.012701424759253802,-0.011694484171603351,-0.017567827308664605,-0.04141119111693322,1.0,1.0,0.006352062302562485,-0.005552943943745987,-0.02056919210820534,-0.0030186082119326245,-0.04792072292683996,-0.026541568322824824,-0.0270523675556541,-0.004282725069082085,-0.0034893237546876673,0.22958949120429706,0.0479207229268398,-0.07693122046676264,0.018014330316225454
veil-color_y,0.35292632271275676,-0.013763081758018832,0.1152940636502044,-0.0028449566895380773,-0.037916624414260525,-0.001003344201031292,-0.020198052704068263,0.04678966028862855,-0.0033395798040724263,-0.0128482693244532,-0.024693568403680807,-0.019204233792556154,-0.004955949719466473,-0.016192539343553886,0.07853065988388465,-0.04286259663544416,-0.0070702080237408016,-0.023532825427611405,-0.010405385039772423,-0.003018608211932624,0.03829475927829543,-0.00821231672349118,0.0021310610425585583,0.08002588961846291,0.09980140289918994,-0.01440677346735647,-0.010516948902880643,-0.017312671642714758,-0.021474484475180727,-0.0024620505436076775,-0.011486481122301747,0.03289416005145936,0.2999582226314247,-0.03845800271919561,0.11397134061759855,-0.018745939647632135,-0.007070208023740807,-0.020939785934115353,-0.05271979949508514,0.5765301689614647,-0.02056919210820534,-0.04894369018110207,0.17427463131825804,-0.003018608211932624,-0.012701424759253763,-0.011062771369672228,-0.01756782730866463,-0.04212925334423472,1.0,-0.003018608211932624,-0.012701424759253802,-0.011694484171603351,-0.017567827308664605,-0.04141119111693322,1.0,1.0,0.006352062302562485,-0.005552943943745987,-0.02056919210820534,-0.0030186082119326245,-0.04792072292683996,-0.026541568322824824,-0.0270523675556541,-0.004282725069082085,-0.0034893237546876673,0.22958949120429706,0.0479207229268398,-0.07693122046676264,0.018014330316225454
ring-number_o,0.004489993285047318,-0.0017014287707891598,-0.20370292880626167,0.012731260537656901,0.10050768385405791,0.004489993285047352,-0.0653345723284674,-0.07663778279734394,-0.23082439818800193,0.015043527889286477,0.09164595080917662,-0.010222777383326604,-0.24528503517428393,0.0009627826845714797,0.08088639917141613,-0.034860180450432536,0.031639378109580805,0.10531005016978383,0.0465643882815978,-0.4752170347439481,-0.09354480738841187,0.03675034639683702,0.33549120601330057,0.07937509139663629,0.06364702417038033,0.06447071310238409,0.04706363968076377,0.07747468848887593,0.09609891699609113,-0.3875986138571737,0.05140232340501645,-0.18163570917154787,-0.3016535482514299,0.17210063484498736,-0.07482586331281132,0.08388860278781501,0.031639378109580826,0.0020780291306652385,-0.0016839584097740913,-0.25472649428660205,0.09204770840332116,-0.01351391952885383,-0.23566222741002266,-0.4752170347439481,0.05683923006777337,-0.014461979058222331,0.07861651721084305,-0.03767385390383918,0.006352062302562485,-0.4752170347439481,0.05683923006777355,-0.008743833627926878,0.07861651721084285,-0.04048791669240059,0.006352062302562485,0.006352062302562485,1.0,-0.874195446966217,0.09204770840332113,-0.4752170347439481,-0.052476604615661046,0.1187742585461886,0.12106009936039105,-0.6742259230288559,0.015614821126987624,-0.5404564139072534,-0.1076773011796497,0.02539843194566685,-0.07520350632838459
ring-number_t,-0.003925131686697298,0.010645323071517726,0.04990371948928975,-0.011129609996160328,-0.09920117210974459,-0.003925131686697298,0.09795447297232107,0.03218228778291501,0.09865752379799986,-0.05026305926998559,-0.07517067987333982,-0.002271909117281326,0.2845715547014691,0.017909643933526516,-0.07071052187714394,0.08992116793838897,-0.027659000288238093,-0.09206156637820906,-0.04070637622653983,-0.011808943262145688,0.1498109750603872,-0.03212698549454622,0.008336815238314603,-0.06938934350146689,-0.05563993874269523,-0.05636000385676937,-0.041142819526582185,-0.06772801993210123,-0.08400923569636727,0.4433775252459675,-0.044935677084150354,0.16781557309038764,-0.009219974243836764,-0.1504495914014834,-0.048722283283281216,-0.07333503460946533,-0.027659000288238113,-0.08191746879901614,0.06378647320796547,0.2923744627014199,-0.08046768758985719,0.07279898339130017,0.0632880305011449,-0.011808943262145688,-0.049688596134312694,0.02941880625082637,-0.06872620140206005,0.09225811614872094,-0.005552943943745987,-0.011808943262145688,-0.049688596134312854,0.023661783972605373,-0.06872620140206004,0.0946134409018512,-0.005552943943745987,-0.005552943943745987,-0.874195446966217,1.0,-0.08046768758985719,-0.011808943262145688,0.11587771645731614,-0.1038319160378663,-0.10583018767013161,0.7712530708878327,-0.01365040553440445,0.3447542947985154,0.06612984338083625,0.061423459784807566,0.11966889735729785
ring-type_l,-0.014539456643464,0.0761820730623304,-0.04374263904240177,-0.04122625555373275,-0.0034824273380041834,-0.014539456643464007,-0.29268989771541365,0.11920949798779534,-0.04839383704893187,-0.18618421733481394,0.23757165745429398,-0.2782884720027498,-0.07181664676918088,-0.23464602027021045,0.43803092075854994,-0.6211217095457046,-0.10245435506159345,0.8740638548259998,-0.15078439132734045,-0.04374263904240179,-0.5371281213370481,-0.11900464747876766,0.03088119670299076,-0.2570317206877993,-0.20610123215384457,0.3367358492791396,-0.1524010628035621,-0.2508778527578598,0.11182333922924009,-0.03567756418585654,-0.16645055016216279,-0.2480939578844171,-0.034152590657388945,-0.5572947574274447,-0.1804768812645623,-0.27164733345505354,-0.1024543550615934,0.9823019286311696,-0.7639623951810774,-0.03567756418585652,1.0,-0.7092428108198902,-0.11802746017945745,-0.04374263904240179,-0.18405629335134857,0.512898413517244,0.22056458949192564,-0.6104948349633288,-0.02056919210820534,-0.04374263904240179,-0.18405629335134913,0.47331678930708954,0.22056458949192642,-0.6000893982144747,-0.02056919210820534,-0.02056919210820534,0.09204770840332113,-0.08046768758985719,1.0,-0.04374263904240179,-0.6944189965936832,-0.3846137561592521,-0.392015745717375,-0.062060951160920134,-0.05056377601439698,-0.08959117423149876,0.6944189965936819,0.3234055643417108,0.14715092847529473
ring-type_n,-0.0021337212949404495,-0.015785795871026315,0.32905373276271993,-0.006050111881257947,-0.027218657465067485,-0.002133721294940451,-0.04295337046519286,0.09950333538406789,0.29656155508023796,0.060098761616100664,-0.05251357679333329,0.02516823515328365,-0.010539369682119654,-0.03443520775920093,-0.038438594765355744,-0.09115200456980344,-0.015035571446377561,-0.050045129770421186,-0.022128190523846743,1.0,-0.07882562180364713,-0.017464390640517812,-0.7059747052082569,-0.037720395566039386,-0.030246150096524545,-0.030637581108342773,-0.022365443293350107,-0.036817291731394655,-0.04566784237698722,-0.005235820039340195,-0.024427259707481327,0.06995303277662472,0.6378940014436761,-0.08178515336858587,0.24237253401048686,-0.03986529306563832,-0.015035571446377566,0.14415659364571984,-0.11211442566970671,-0.005235820039340196,-0.04374263904240179,-0.1040841157850359,0.3706140840097065,1.0,-0.027010970369936303,-0.02352619452852253,-0.037359908190833346,-0.0895924697707316,-0.0030186082119326245,1.0,-0.027010970369936372,-0.024869600965098784,-0.0373599081908333,-0.08806543182711188,-0.0030186082119326245,-0.0030186082119326245,-0.4752170347439481,-0.011808943262145688,-0.04374263904240179,1.0,-0.10190866391896408,-0.056443550950230716,-0.05752982144385273,-0.00910768375487004,-0.007420428994024203,0.4882471897217591,0.10190866391896378,-0.16360266316082547,-0.061977433524161185
ring-type_p,-0.006467732602837055,-0.09792404805137307,-0.07442526850809686,0.059367983531498164,0.01814288370345713,0.020937584822396826,0.08522126444582567,0.0985657859206743,-0.07957482335248577,0.2537911268169078,-0.2037201687300202,0.13757683558110478,0.10341976115495302,0.08057459416961824,-0.23620027490313675,0.8944480387093084,0.14753967786618805,-0.5607353428426859,0.21713748049373688,-0.10190866391896408,0.17245433372018074,0.1713729723157334,0.07194493896835806,-0.40956632415276545,0.23499321566178177,-0.38143982695448175,-0.050896468629918104,0.17673964422946062,-0.08079008507788644,0.05137757515399867,0.239697575928437,0.28949585232526237,-0.07956641298875555,0.242298719971887,0.20605486090534636,-0.3110207389882731,0.14753967786618907,-0.7069302994867891,0.7856307510443503,0.006545318788944495,-0.6944189965936832,0.7135403896566274,0.09227814456094492,-0.10190866391896408,0.2650507751864445,-0.3518973667323788,-0.04469569749536577,0.28030208601557816,-0.04792072292683996,-0.10190866391896408,0.2650507751864444,-0.3741996066964407,-0.04469569749536594,0.3015386234143128,-0.04792072292683996,-0.04792072292683996,-0.052476604615661046,0.11587771645731614,-0.6944189965936832,-0.10190866391896408,1.0,0.2564463791251332,0.2689602950603323,0.08937104466517444,0.07281450574138502,-0.08093017066643597,-0.38757638167861125,0.21549888416163773,-0.08562320723068156
spore-print-color_k,-0.0187610665430709,-0.04152681111130062,-0.0564435509502308,0.02699609818702826,0.02561291631323282,-0.018761066543070908,0.012727475224147045,-0.01257941186327501,-0.062445249462446915,0.11452753159246387,-0.07430756728677954,0.1543278284916768,0.0004620249223431501,0.062366837252810524,-0.1681460375175635,0.21851639952800375,0.06708995982733625,-0.44002935716386143,0.06354141915354358,-0.056443550950230716,0.282473716949332,0.07792755138438986,0.039847719242996335,0.0901906116677031,0.04384612163687339,-0.16109409759018448,0.09979645252744554,0.14841176331142888,-0.04115149624683765,-0.046036737974416216,0.10899644741215812,0.023577329776388076,-0.044068980131356586,0.2203933787821561,0.09039950490592161,0.17788222548222646,0.06708995982733641,-0.3915433177406142,0.35070449748464266,-0.046036737974416195,-0.3846137561592521,0.3180627468827098,0.02262455869370596,-0.056443550950230716,0.12052517747524595,-0.206857616363228,-0.045523704156819826,0.1937698754285698,-0.026541568322824824,-0.056443550950230716,0.12052517747524634,-0.21866972022644646,-0.04552370415681996,0.20546403609328487,-0.026541568322824824,-0.026541568322824824,0.1187742585461886,-0.1038319160378663,-0.3846137561592521,-0.056443550950230716,0.2564463791251332,1.0,-0.5058396384187749,-0.08008068410037185,-0.06524524194660863,-0.11560445638693104,-0.3803704316425331,-0.13105065134389215,-0.13043043679003755
spore-print-color_n,-0.019122128040292903,-0.038763010119599824,-0.057529821443852755,0.02547224627625674,0.025338696096047254,-0.01912212804029291,0.02457826833384053,-0.02695521267666195,-0.0636470241703801,0.10769166785413145,-0.08560968768032061,0.1442154132872819,-0.0019021671372323888,0.07900373600746587,-0.15269516735917799,0.2329322979784501,0.06330292502074397,-0.4484978340574587,0.09316434633505587,-0.05752982144385273,0.2630516256590453,0.073528765780035,0.04061459873450754,0.12775731535366372,0.09112406143218628,-0.16695378335298666,0.09416323050333676,0.15500855862055296,-0.0372181609733831,-0.046922726705499226,0.1028439122011208,0.031159715309030823,-0.04491709886227973,0.23660468832355536,0.08390175616226472,0.1678412867022803,0.06330292502074356,-0.3990786684738021,0.3613459191620708,-0.04692272670549923,-0.392015745717375,0.32989745454508757,0.01860276539137742,-0.05752982144385273,0.11372187869038797,-0.21083864380132303,-0.05361018783612455,0.20861474697027568,-0.0270523675556541,-0.05752982144385273,0.11372187869038833,-0.22287807460762332,-0.05361018783612458,0.22051434368317138,-0.0270523675556541,-0.0270523675556541,0.12106009936039105,-0.10583018767013161,-0.392015745717375,-0.05752982144385273,0.2689602950603323,-0.5058396384187749,1.0,-0.08162185723322467,-0.06650090322203692,-0.11782929355238612,-0.39211157242602634,-0.12635539811894164,-0.14350292767958406
spore-print-color_r,-0.0030272698670044283,0.0158619197293865,-0.00910768375487004,-0.008583745887322575,-0.11440127369035877,-0.003027269867004429,0.07554768808710177,0.024820688280769207,-0.01007611276263281,-0.03876553881419352,-0.07450493605328974,-0.0579426264878571,0.2780841046732262,0.05559198166967974,-0.05453570714182856,0.09991753662307469,-0.02133208890999109,-0.07100276577993771,-0.03139491766943429,-0.00910768375487004,0.11554217456802426,-0.02477803622103764,0.006429794353974403,-0.05351674426239701,-0.042912473619314544,-0.04346782604978351,-0.03173152590486041,-0.05223544335778545,-0.06479238101376292,0.5748794293104995,-0.03465677894357498,0.048946461485669446,-0.007110933449065824,-0.11603470938221386,-0.03757721060289757,-0.056559870646215635,-0.021332088909991102,-0.06317909937059944,0.08123560996246486,-0.007428449194249095,-0.062060951160920134,0.0875031092513681,-0.02457457540828779,-0.00910768375487004,-0.03832248235669395,-0.03337837043214605,-0.053005293881794535,0.10165679970846568,-0.004282725069082085,-0.00910768375487004,-0.03832248235669408,-0.03528436154458915,-0.05300529388179451,0.10341950940239598,-0.004282725069082085,-0.004282725069082085,-0.6742259230288559,0.7712530708878327,-0.062060951160920134,-0.00910768375487004,0.08937104466517444,-0.08008068410037185,-0.08162185723322467,1.0,-0.010527917187273708,-0.018653837536802418,0.14458543775145216,0.024557655883633532,0.054352473741832816
spore-print-color_u,-0.002466449395747163,0.012923400968757725,-0.0074204289940242,-0.0069935538578143035,-0.0005907532182371029,-0.002466449395747162,0.06155201148846018,-0.07457467596822265,-0.008209450536852184,-0.031583982923429205,-0.06070243571996273,-0.047208396465292964,-0.012182857267094685,0.08784231625360833,0.07430684146708959,0.08140719481755142,-0.01738018746711066,-0.057849064156145366,0.15487972448922846,-0.007420428994024203,-0.09111752679603191,-0.02018775172021741,0.005238635171575039,0.1967219294143621,0.24533466144760263,-0.03541514235763187,-0.025853064421911844,0.03881012656633494,0.01896952645726099,-0.006052283024448107,-0.028236396237943558,0.03987882668509859,-0.005793589035391088,0.09073075843707316,-0.030615799864943394,-0.04608180469782004,-0.01738018746711068,-0.05147478035073924,0.06618621064772752,-0.006052283024448106,-0.05056377601439698,0.07129261691908455,-0.020021983281752042,-0.007420428994024203,-0.031223005415678032,-0.027194820812211053,-0.043185735269620586,0.08282424865631205,-0.0034893237546876673,-0.007420428994024203,-0.031223005415677865,-0.02874771527954066,-0.04318573526962062,0.08426040547432746,-0.0034893237546876673,-0.0034893237546876673,0.015614821126987624,-0.01365040553440445,-0.05056377601439698,-0.007420428994024203,0.07281450574138502,-0.06524524194660863,-0.06650090322203692,-0.010527917187273708,1.0,-0.015198098729975145,-0.07281450574138425,0.020008198203712784,-0.07164206676293762
spore-print-color_w,0.16228670701306824,-0.026360772947394064,0.4882471897217595,-0.012391493507020018,-0.05870450871063121,0.1622867070130683,-0.024071310606673727,0.0857669498951885,0.5401629955634333,-0.012408545429686916,-0.08820796728011088,0.08077929877989103,0.04701304596658548,-0.046077285222876636,-0.05598309160033344,-0.09725090651661135,-0.03079499844115022,-0.10249957567383186,-0.045321695628103995,0.4882471897217591,0.08695381454314507,-0.035769567154027807,-0.3446901658325786,0.10688055031111021,0.15281629087297627,-0.0627501432743574,-0.04580762319614308,-0.07540707352023053,-0.09353426571284977,-0.010723707477607746,-0.050030517782195257,0.2963534540086001,0.3812048558392646,-0.16750767867234073,0.10946328625366358,-0.0816498157180518,-0.030794998441150252,0.0027981183157090007,-0.07961638587401051,0.39822632633062266,-0.08959117423149876,-0.06636893106245441,0.2866375722870874,0.4882471897217591,-0.05532232635139017,0.017441484397185732,-0.07651842955230094,0.012866633143678197,0.22958949120429706,0.4882471897217591,-0.05532232635139035,0.19970481425331238,-0.07651842955230087,-0.09127140642511879,0.22958949120429706,0.22958949120429706,-0.5404564139072534,0.3447542947985154,-0.08959117423149876,0.4882471897217591,-0.08093017066643597,-0.11560445638693104,-0.11782929355238612,-0.018653837536802418,-0.015198098729975145,1.0,-0.010350781220327255,-0.0680307781394234,0.07291181654599338
t1,0.0338730500280708,0.031649413059612524,0.01029734588273941,-0.05936798353149739,0.028534465867964133,0.03387305002807077,0.05839303744049432,0.008930513925310492,-0.019934844963931223,-0.25379112681690835,0.1273640005631862,-0.2745711298682867,0.14475248882742628,-0.016242579812095703,0.23620027490313714,-0.43556194663358344,0.2386912784773953,0.794471699933089,-0.21713748049373607,0.10190866391896378,-0.7093042610315531,0.27724903870003514,-0.07194493896835782,-0.2641598442335558,0.215288951619202,0.2765048306915106,-0.12934489227817017,-0.25363035369443926,0.09435201596181898,0.0831191939411636,-0.17694928657128928,-0.1500780576163812,0.07956641298875534,-0.5924456821598567,-0.20605486090534386,-0.15711741711541943,-0.1475396778661878,0.7069302994867875,-0.5821207780767174,-0.0065453187889447624,0.6944189965936819,-0.5143713581273881,-0.09227814456094399,0.10190866391896378,-0.2650507751864454,0.3518973667323766,0.044695697495365214,-0.28030208601557743,0.0479207229268398,0.10190866391896378,-0.26505077518644515,0.3123758318575957,0.04469569749536537,-0.26637476234616103,0.0479207229268398,0.0479207229268398,-0.1076773011796497,0.06612984338083625,0.6944189965936819,0.10190866391896378,-0.38757638167861125,-0.3803704316425331,-0.39211157242602634,0.14458543775145216,-0.07281450574138425,-0.010350781220327255,1.0,0.2038823018355326,0.29741163839022144
t2,-0.054379293976211406,0.09103743593982105,-0.05639571658243222,0.04473072247406077,-0.003422894417259752,-0.05437929397621142,-0.3914445522624099,0.2230936793627802,-0.029371237984836394,0.1836770193332283,0.11832638277040662,-0.024356043332097344,-0.0004590151215540179,-0.3453247000437881,0.07492128332321688,0.19629556172444532,-0.030080729135430914,0.2845250565385248,-0.13989179985234867,-0.16360266316082547,-0.060605736171758844,-0.034939916068128865,0.11549934189624961,-0.59591012251571,-0.008851112082498079,-0.04210738229370093,-0.2960426224800129,-0.07646994293863621,0.07974088358137171,0.014117691199586897,0.15765280753021918,0.057808240811836345,-0.1277347436667956,-0.09959824708864788,-0.33132953705443624,-0.5612494583392028,0.040541415307318834,0.28966132024645364,-0.013434028884220447,-0.0022774217902210253,0.3234055643417108,-0.028351934063062394,-0.028196128494340465,-0.16360266316082547,0.1997021283384077,0.1778844100468018,0.27621566637757944,-0.49056018300769355,-0.07693122046676264,-0.16360266316082547,0.1997021283384072,0.1763338913046385,0.2762156663775782,-0.4933853016835219,-0.07693122046676264,-0.07693122046676264,0.02539843194566685,0.061423459784807566,0.3234055643417108,-0.16360266316082547,0.21549888416163773,-0.13105065134389215,-0.12635539811894164,0.024557655883633532,0.020008198203712784,-0.0680307781394234,0.2038823018355326,1.0,-0.07925985360776913
t3,0.012733537283134993,-0.031787760204267324,0.004880485973232935,0.17788212916555277,-0.04751553009379831,0.01273353728313501,0.19668763146621357,-0.014511190117274789,0.03229651944883764,-0.2637979830602116,-0.048435227222205585,-0.056650949092701165,-0.033149959402147204,0.12725191697963162,0.1543291100016248,-0.11436721877732743,-0.14516403488905877,0.26311968533000013,0.11131392159112083,-0.061977433524161185,-0.38840910068886975,0.24064173240108067,0.04375450036178409,-0.10636689367191658,0.1697626951922442,0.10306530664415657,0.10949294009834039,-0.0865766341401523,-0.00995624078141501,0.03124611908631877,-0.23583803203404333,0.008838470957414383,-0.03415322810039192,-0.4276006838915317,0.13126920833964573,0.17562709090970724,0.1484518671012823,0.1341336657729906,-0.16729923765250237,0.03124611908631887,0.14715092847529473,-0.21940536028692234,0.11625303316639973,-0.061977433524161185,-0.2607830011085773,0.08133021133540733,-0.1522511264717994,0.1990347295974081,0.018014330316225454,-0.061977433524161185,-0.2607830011085776,0.09201709649144145,-0.15225112647180006,0.19051417738470414,0.018014330316225454,0.018014330316225454,-0.07520350632838459,0.11966889735729785,0.14715092847529473,-0.061977433524161185,-0.08562320723068156,-0.13043043679003755,-0.14350292767958406,0.054352473741832816,-0.07164206676293762,0.07291181654599338,0.29741163839022144,-0.07925985360776913,1.0
